CHEQUEID;LAGERID;KOLVO
22317;15;1.0
22317;7;1.0
22317;16;4.0
22317;17;1.0
22324;20;1.0
22324;14;1.0
22324;21;1.0
22350;15;1.0
22350;22;1.0
22350;3;1.0
22350;40;2.0
22350;41;1.0
22350;42;1.0
22350;32;1.0
22350;7;1.0
22350;43;1.0
22354;48;2.0
22354;44;6.0
22354;49;2.0
22358;29;1.0
22358;53;1.0
22358;4;1.0
22358;30;1.0
22358;31;1.0
22358;42;1.0
22358;27;1.0
22364;24;1.0
22364;27;1.0
22382;18;1.0
22385;2;2.0
22399;2;5.0
22399;29;1.0
22399;53;1.0
22399;30;1.0
22399;46;1.0
22399;50;1.0
22403;2;6.0
22403;65;1.0
22403;55;1.0
22403;67;1.0
22407;60;1.0
22407;69;2.0
22429;8;1.0
22429;17;1.0
22429;75;1.0
22429;76;1.0
22447;20;1.0
22447;75;1.0
22447;10;1.0
22463;2;2.0
22463;27;1.0
22474;40;1.0
22479;15;2.0
22479;29;1.0
22479;53;2.0
22479;7;1.0
22479;46;1.0
22479;27;2.0
22483;15;1.0
22483;22;2.0
22483;40;1.0
22483;25;1.0
22483;84;1.0
22483;63;1.0
22484;2;1.0
22484;15;1.0
22484;29;1.0
22484;11;1.0
22484;7;2.0
22484;54;1.0
22484;79;1.0
22503;44;3.0
22503;7;1.0
22503;69;2.0
22506;64;1.0
22507;19;1.0
22507;64;1.0
22531;38;1.0
22531;49;1.0
22531;89;1.0
22551;53;1.0
22551;31;1.0
22551;42;1.0
22551;79;1.0
22553;83;1.0
22553;66;2.0
22553;19;5.0
22556;3;1.0
22556;81;1.0
22561;7;1.0
22561;55;1.0
22561;67;1.0
22564;2;2.0
22564;7;1.0
22567;93;1.0
22567;50;1.0
22581;36;1.0
22581;15;1.0
22581;23;1.0
22581;44;3.0
22581;76;1.0
22581;69;1.0
22617;2;1.0
22617;23;1.0
22617;7;1.0
22617;58;1.0
22617;55;1.0
22617;69;1.0
22625;15;1.0
22625;29;1.0
22625;42;2.0
22625;14;1.0
22625;58;1.0
22625;69;1.0
22648;15;2.0
22648;17;1.0
22648;50;1.0
22648;91;2.0
22671;29;2.0
22671;32;1.0
22671;100;3.0
22671;101;1.0
22688;2;2.0
22694;5;1.0
22694;25;1.0
22694;14;1.0
22694;21;1.0
22712;55;1.0
22721;59;1.0
22721;102;1.0
22721;14;2.0
22721;21;1.0
22721;90;3.0
22726;2;12.0
22747;84;1.0
22747;20;1.0
22747;26;1.0
22747;14;1.0
22747;17;1.0
22747;90;1.0
22751;29;1.0
22751;23;2.0
22773;15;1.0
22773;29;2.0
22773;53;1.0
22773;60;1.0
22803;15;1.0
22803;41;1.0
22803;7;1.0
22803;33;1.0
22803;13;1.0
22803;67;1.0
22828;30;1.0
22828;31;1.0
22828;84;1.0
22828;75;1.0
22828;46;1.0
22828;96;1.0
22839;66;1.0
22840;48;5.0
22840;48;1.0
22840;42;1.0
22856;9;2.0
22858;9;2.0
22868;36;1.0
22868;29;1.0
22868;3;2.0
22868;44;9.0
22892;51;1.0
22892;83;3.0
22892;29;1.0
22892;61;2.0
22892;3;2.0
22892;30;1.0
22892;41;1.0
22892;105;1.0
22892;7;2.0
22892;55;1.0
22892;69;2.0
22894;8;1.0
22894;21;1.0
22894;39;1.0
22897;22;1.0
22897;29;1.0
22897;65;1.0
22897;69;3.0
22898;55;1.0
22959;54;2.0
22963;25;1.0
22976;99;3.0
22982;51;1.0
22982;15;1.0
22982;29;1.0
22982;30;1.0
22982;41;1.0
22982;42;1.0
22982;44;5.0
22982;81;1.0
22982;75;1.0
22984;51;1.0
22984;15;2.0
22984;83;3.0
22984;43;1.0
22986;21;1.0
22986;106;4.0
22986;74;2.0
22990;15;1.0
22990;82;1.0
22990;38;1.0
22990;74;2.0
22994;104;6.0
23002;54;1.0
23003;15;1.0
23003;27;2.0
23009;94;2.0
23009;78;1.0
23009;91;1.0
23021;54;1.0
23031;23;1.0
23038;29;2.0
23038;3;1.0
23038;41;1.0
23038;42;1.0
23038;13;1.0
23038;59;1.0
23038;16;4.0
23038;69;2.0
23044;15;2.0
23044;22;1.0
23044;44;7.0
23044;26;1.0
23044;104;1.0
23044;99;1.0
23044;27;2.0
23044;67;1.0
23051;42;1.0
23051;18;1.0
23051;103;1.0
23051;21;1.0
23051;93;2.0
23051;27;1.0
23086;2;6.0
23086;84;1.0
23086;101;1.0
23086;91;2.0
23093;15;1.0
23093;66;1.0
23093;54;1.0
23098;41;2.0
23098;13;2.0
23098;73;2.0
23098;108;1.0
23098;94;1.0
23107;3;1.0
23107;53;1.0
23107;7;1.0
23107;38;1.0
23107;35;1.0
23156;72;2.0
23156;7;1.0
23156;109;4.0
23156;21;1.0
23156;108;1.0
23156;110;1.0
23206;15;1.0
23206;22;2.0
23206;30;1.0
23206;31;1.0
23206;42;1.0
23206;71;1.0
23206;88;1.0
23213;15;2.0
23213;29;1.0
23213;88;1.0
23213;7;1.0
23213;60;1.0
23213;14;1.0
23213;69;2.0
23243;38;1.0
23243;89;1.0
23246;41;2.0
23246;42;1.0
23246;23;2.0
23246;7;2.0
23246;69;1.0
23249;31;2.0
23249;42;1.0
23249;81;1.0
23249;10;1.0
23260;15;2.0
23260;67;1.0
23293;1;1.0
23293;22;1.0
23293;30;1.0
23293;44;4.0
23293;33;1.0
23293;109;4.0
23294;1;2.0
23294;8;1.0
23294;39;1.0
23294;10;1.0
23343;112;1.0
23343;115;2.0
23361;40;1.0
23361;46;1.0
23361;50;1.0
23370;15;3.0
23370;22;4.0
23370;30;1.0
23370;82;1.0
23370;23;1.0
23370;109;4.0
23370;86;1.0
23375;36;1.0
23375;15;2.0
23375;22;2.0
23375;42;2.0
23375;23;1.0
23375;44;7.0
23375;25;1.0
23375;56;1.0
23375;38;1.0
23375;73;1.0
23375;109;4.0
23375;75;1.0
23375;85;1.0
23375;10;1.0
23377;95;1.0
23377;30;2.0
23377;71;1.0
23377;44;7.0
23377;114;3.0
23377;8;2.0
23377;109;2.0
23377;93;1.0
23377;110;1.0
23384;89;1.0
23400;2;6.0
23405;115;1.0
23405;47;2.0
23405;107;1.0
23427;103;1.0
23443;107;1.0
23453;51;1.0
23453;22;2.0
23453;5;3.0
23453;44;2.0
23453;81;1.0
23453;18;1.0
23465;14;1.0
23465;24;1.0
23465;63;1.0
23476;84;1.0
23476;54;1.0
23476;97;1.0
23485;91;1.0
23508;22;1.0
23508;12;1.0
23508;93;1.0
23515;22;1.0
23515;58;1.0
23520;91;1.0
23523;44;8.0
23523;50;2.0
23527;93;2.0
23560;21;1.0
23598;2;6.0
23600;40;1.0
23624;14;1.0
23633;2;2.0
23633;5;2.0
23633;104;1.0
23677;51;1.0
23677;38;1.0
23677;115;2.0
23680;2;6.0
23680;44;7.0
23680;7;1.0
23685;44;7.0
23685;62;1.0
23685;107;1.0
23694;22;1.0
23694;59;1.0
23694;99;2.0
23694;50;1.0
23695;33;1.0
23695;21;2.0
23703;40;1.0
23703;105;1.0
23703;13;1.0
23703;27;2.0
23714;36;1.0
23714;22;2.0
23714;53;1.0
23714;80;1.0
23737;59;1.0
23737;112;1.0
23783;1;1.0
23783;27;1.0
23819;104;2.0
23819;86;1.0
23825;11;1.0
23825;30;1.0
23825;88;1.0
23825;81;1.0
23826;44;6.0
23826;106;1.0
23838;116;1.0
23838;7;1.0
23838;43;1.0
23838;86;1.0
23838;96;1.0
23878;29;1.0
23878;42;2.0
23878;24;6.0
23900;29;1.0
23900;53;1.0
23900;30;1.0
23900;32;1.0
23900;101;1.0
23920;83;2.0
23920;3;1.0
23920;105;1.0
23931;95;1.0
23931;29;1.0
23931;12;1.0
23931;123;2.0
23931;26;1.0
23931;107;1.0
23962;33;1.0
23962;62;1.0
23969;53;2.0
23969;78;1.0
23969;10;1.0
23970;7;1.0
23970;19;2.0
23970;78;1.0
23974;51;1.0
23974;52;2.0
23974;90;2.0
23974;96;1.0
23975;29;1.0
23975;30;1.0
23975;44;5.0
23975;114;1.0
23975;84;1.0
23975;54;1.0
23997;21;1.0
23997;78;1.0
24008;48;1.0
24008;29;1.0
24008;76;1.0
24008;10;3.0
24035;10;2.0
24036;44;4.0
24044;105;1.0
24051;51;1.0
24051;40;1.0
24051;80;1.0
24051;115;1.0
24065;14;1.0
24072;29;1.0
24072;53;1.0
24072;114;1.0
24072;104;4.0
24081;33;1.0
24086;76;1.0
24090;29;2.0
24090;31;1.0
24090;44;5.0
24092;15;1.0
24092;29;1.0
24092;3;1.0
24092;32;1.0
24092;104;2.0
24125;15;3.0
24125;29;1.0
24125;3;1.0
24125;53;1.0
24125;11;1.0
24125;30;1.0
24125;31;1.0
24125;42;1.0
24125;71;1.0
24125;59;1.0
24125;35;1.0
24125;73;2.0
24125;121;4.0
24125;63;2.0
24125;74;1.0
24149;51;1.0
24149;105;1.0
24149;21;1.0
24210;15;1.0
24210;63;1.0
24210;28;1.0
24215;20;1.0
24215;99;2.0
24218;71;6.0
24226;31;2.0
24226;108;1.0
24225;15;2.0
24225;16;4.0
24225;47;1.0
24231;46;1.0
24238;29;1.0
24238;40;1.0
24238;41;1.0
24238;13;1.0
24278;51;2.0
24278;36;1.0
24278;29;1.0
24278;27;1.0
24298;95;2.0
24298;3;2.0
24298;113;1.0
24314;51;1.0
24314;58;1.0
24333;8;1.0
24333;121;1.0
24333;58;1.0
24334;61;3.0
24334;8;1.0
24350;36;1.0
24350;80;1.0
24350;90;1.0
24350;57;1.0
24350;58;1.0
24350;126;1.0
24350;74;1.0
24367;29;1.0
24367;84;2.0
24367;18;1.0
24367;78;1.0
24375;2;4.0
24375;58;1.0
24375;68;1.0
24410;18;1.0
24410;49;1.0
24410;17;1.0
24410;125;1.0
24410;27;2.0
24417;83;1.0
24420;9;1.0
24420;74;2.0
24424;20;1.0
24424;73;1.0
24424;94;1.0
24424;110;1.0
24427;23;1.0
24427;122;1.0
24427;21;1.0
24428;39;1.0
24473;45;1.0
24473;112;1.0
24473;46;1.0
24473;78;1.0
24473;27;1.0
24497;35;1.0
24497;113;1.0
24497;120;1.0
24497;97;1.0
24497;74;1.0
24499;21;1.0
24499;117;1.0
24502;15;1.0
24502;41;1.0
24506;15;2.0
24506;53;1.0
24506;54;2.0
24506;9;1.0
24511;51;2.0
24511;31;3.0
24511;71;2.0
24511;45;2.0
24511;63;2.0
24511;39;1.0
24518;5;1.0
24518;23;1.0
24518;105;1.0
24518;7;1.0
24518;20;1.0
24518;109;4.0
24535;8;1.0
24535;93;1.0
24535;28;1.0
24547;29;1.0
24547;53;1.0
24547;23;1.0
24573;29;1.0
24573;31;1.0
24573;35;1.0
24573;73;1.0
24573;109;4.0
24584;7;2.0
24584;14;1.0
24584;43;2.0
24584;69;2.0
24586;4;1.0
24586;11;1.0
24586;63;1.0
24586;78;1.0
24586;27;2.0
24586;69;1.0
24589;31;1.0
24589;12;1.0
24589;6;1.0
24589;65;2.0
24589;17;1.0
24589;97;1.0
24591;78;1.0
24591;124;2.0
24595;29;2.0
24595;44;7.0
24595;114;1.0
24595;7;1.0
24595;21;1.0
24595;93;1.0
24595;120;1.0
24595;27;2.0
24603;26;1.0
24629;23;1.0
24629;44;10.0
24629;69;1.0
24689;77;2.0
24718;42;2.0
24718;25;2.0
24718;121;1.0
24718;69;1.0
24728;80;2.0
24728;14;2.0
24737;15;1.0
24737;5;3.0
24744;2;2.0
24744;15;1.0
24744;3;2.0
24744;11;1.0
24744;31;1.0
24744;41;1.0
24744;71;1.0
24744;25;1.0
24744;6;2.0
24744;52;3.0
24744;105;2.0
24744;54;3.0
24744;102;1.0
24744;109;4.0
24744;17;1.0
24744;57;2.0
24765;51;1.0
24765;42;2.0
24765;114;1.0
24765;88;1.0
24767;104;2.0
24775;11;1.0
24775;41;1.0
24775;44;3.0
24775;105;1.0
24775;13;1.0
24775;14;1.0
24775;69;1.0
24778;95;1.0
24778;1;2.0
24778;36;1.0
24778;101;2.0
24778;50;1.0
24778;69;2.0
24784;51;1.0
24784;27;2.0
24786;15;4.0
24786;44;32.0
24786;25;2.0
24786;33;1.0
24786;62;1.0
24804;15;1.0
24804;53;1.0
24804;31;1.0
24804;23;2.0
24804;79;1.0
24804;128;1.0
24810;7;1.0
24810;75;1.0
24810;67;1.0
24812;106;1.0
24812;77;1.0
24814;3;1.0
24814;45;1.0
24814;14;1.0
24814;108;1.0
24814;86;1.0
24814;64;1.0
24828;15;1.0
24828;25;1.0
24828;7;1.0
24837;104;3.0
24837;121;1.0
24841;29;1.0
24841;30;1.0
24841;114;1.0
24841;105;1.0
24841;81;1.0
24841;60;1.0
24850;3;1.0
24850;40;1.0
24850;79;1.0
24850;94;1.0
24850;27;3.0
24850;69;1.0
24850;74;2.0
24852;82;1.0
24852;49;1.0
24852;112;5.0
24853;3;1.0
24872;30;1.0
24872;7;1.0
24872;79;1.0
24900;61;2.0
24900;67;2.0
24904;88;1.0
24904;126;2.0
25105;14;2.0
25105;94;1.0
24922;83;18.0
24939;48;1.0
24939;7;1.0
24939;97;1.0
24939;76;1.0
24939;58;1.0
24939;69;2.0
24946;3;1.0
24946;12;1.0
24946;114;1.0
24946;78;1.0
24946;55;1.0
24954;17;1.0
24979;31;1.0
24979;41;1.0
24979;23;1.0
24979;50;1.0
24984;51;1.0
24984;15;2.0
24984;29;1.0
24984;3;1.0
24984;40;1.0
24984;13;1.0
24984;128;1.0
24984;75;1.0
24984;86;1.0
24984;85;1.0
24986;16;2.0
25115;44;6.0
24997;7;1.0
24997;58;1.0
24999;15;2.0
24999;30;1.0
24999;42;2.0
24999;23;2.0
24999;25;1.0
24999;20;1.0
24999;26;1.0
24999;93;1.0
25011;15;1.0
25011;29;1.0
25011;82;1.0
25011;101;1.0
25011;69;3.0
25011;67;3.0
25019;2;1.0
25019;48;1.0
25019;5;1.0
25019;24;1.0
25019;39;1.0
25035;41;1.0
25035;23;2.0
25035;33;1.0
25035;13;1.0
25035;79;1.0
25035;69;1.0
25038;64;1.0
25121;75;1.0
25121;77;2.0
25127;128;1.0
25127;57;1.0
25059;29;2.0
25059;30;1.0
25059;42;2.0
25059;114;1.0
25059;38;1.0
25059;124;1.0
25059;55;1.0
25130;51;1.0
25130;15;1.0
25130;29;1.0
25130;53;1.0
25130;30;1.0
25130;56;1.0
25130;32;1.0
25130;88;1.0
25130;128;1.0
25130;17;1.0
25130;50;1.0
25130;78;1.0
25130;126;1.0
25130;67;1.0
25072;80;1.0
25072;90;4.0
25072;57;1.0
25073;15;1.0
25073;30;1.0
25073;32;1.0
25073;12;1.0
25073;81;1.0
25073;66;3.0
25076;51;1.0
25076;15;1.0
25076;29;1.0
25076;3;1.0
25076;30;1.0
25076;32;1.0
25076;105;1.0
25076;7;1.0
25076;62;1.0
25076;49;1.0
25076;74;1.0
25150;39;1.0
25156;93;1.0
25157;29;2.0
25157;53;2.0
25157;41;1.0
25157;44;8.0
25239;65;1.0
25239;46;1.0
25239;68;1.0
25248;36;2.0
25248;29;1.0
25248;3;2.0
25248;72;1.0
25258;36;1.0
25258;19;1.0
25258;112;1.0
25258;113;1.0
25266;15;1.0
25266;29;1.0
25266;3;1.0
25266;42;1.0
25266;44;7.0
25266;12;1.0
25266;49;1.0
25266;17;1.0
25269;61;1.0
25269;3;1.0
25269;4;1.0
25269;37;1.0
25269;45;1.0
25269;120;1.0
25269;126;2.0
25312;76;1.0
25313;54;2.0
25313;65;1.0
25313;79;1.0
25313;75;2.0
25313;90;2.0
25313;58;1.0
25313;91;1.0
25318;84;1.0
25333;42;2.0
25333;81;1.0
25333;62;1.0
25354;111;1.0
25358;3;1.0
25358;82;1.0
25371;51;1.0
25371;3;1.0
25371;42;2.0
25371;44;7.0
25371;25;1.0
25371;32;1.0
25371;37;1.0
25371;7;1.0
25371;59;1.0
25371;14;1.0
25371;87;2.0
25371;85;1.0
25371;69;2.0
25379;37;1.0
25379;100;2.0
25379;86;1.0
25379;92;2.0
25380;80;1.0
25380;50;1.0
25380;126;1.0
25430;54;4.0
25435;22;1.0
25435;49;1.0
25435;90;1.0
25435;50;1.0
25457;78;1.0
25474;22;1.0
25474;32;1.0
25474;88;1.0
25474;93;1.0
25474;39;1.0
25474;50;1.0
25474;69;1.0
25491;47;1.0
25495;93;2.0
25495;90;1.0
25496;41;1.0
25496;23;1.0
25496;75;1.0
25501;41;2.0
25501;44;5.0
25501;26;2.0
25522;33;1.0
25551;9;1.0
25551;117;1.0
25573;2;6.0
25573;31;1.0
25573;42;2.0
25580;53;2.0
25580;41;3.0
25580;42;3.0
25580;14;1.0
25580;69;2.0
25583;105;1.0
25583;93;1.0
25583;90;2.0
25583;91;2.0
25591;37;1.0
25591;7;2.0
25591;113;1.0
25591;57;1.0
25601;49;1.0
25601;80;1.0
25601;14;3.0
25601;21;1.0
25601;75;1.0
25629;29;1.0
25629;44;6.0
25629;88;2.0
25629;33;1.0
25629;103;1.0
25629;21;1.0
25629;28;1.0
25650;29;1.0
25654;29;1.0
25654;60;1.0
25654;80;1.0
25654;21;1.0
25654;90;2.0
25664;72;1.0
25664;81;1.0
25664;106;1.0
25664;57;1.0
25677;122;2.0
25699;15;2.0
25699;45;2.0
25708;1;1.0
25708;15;2.0
25708;29;1.0
25708;30;1.0
25708;41;1.0
25708;44;5.0
25708;12;1.0
25708;60;1.0
25708;50;1.0
25710;39;1.0
25710;78;2.0
25733;15;2.0
25733;4;1.0
25733;32;1.0
25733;26;1.0
25733;39;1.0
25733;78;1.0
25733;91;2.0
25768;95;1.0
25768;51;1.0
25768;29;1.0
25768;53;1.0
25768;31;1.0
25768;40;3.0
25768;41;1.0
25768;88;1.0
25768;57;1.0
25789;61;3.0
25789;113;1.0
25789;124;2.0
25818;15;2.0
25818;23;2.0
25818;12;2.0
25818;47;2.0
25853;29;1.0
25853;21;1.0
25853;108;1.0
25853;50;1.0
25856;14;1.0
25865;15;3.0
25865;61;1.0
25865;105;1.0
25865;14;8.0
25865;76;1.0
25865;69;4.0
25871;15;1.0
25871;41;1.0
25871;62;1.0
25871;86;1.0
25871;74;1.0
25883;103;1.0
25883;90;2.0
25883;96;1.0
25911;60;1.0
25939;15;1.0
25939;3;1.0
25939;116;1.0
25939;44;4.0
25939;25;1.0
25939;117;3.0
25945;29;2.0
25945;30;1.0
25945;31;2.0
25945;32;1.0
25950;32;1.0
25950;14;1.0
25950;86;1.0
25964;51;1.0
25964;7;1.0
25964;13;2.0
25964;57;1.0
25964;47;1.0
25965;15;1.0
25965;25;1.0
25965;16;4.0
25965;17;1.0
25980;15;1.0
25980;29;1.0
25980;12;1.0
25980;19;1.0
25980;10;1.0
26022;15;2.0
26022;3;1.0
26025;29;2.0
26025;3;3.0
26025;82;1.0
26025;33;2.0
26059;15;1.0
26059;18;1.0
26059;90;1.0
26073;2;2.0
26073;38;1.0
26073;87;1.0
26073;57;1.0
26089;87;2.0
26092;107;15.0
26113;15;1.0
26113;29;1.0
26113;41;1.0
26113;76;1.0
26113;74;1.0
26114;125;1.0
26125;2;5.0
26125;48;3.0
26125;104;1.0
26126;45;1.0
26126;112;1.0
26126;94;1.0
26139;44;11.0
26148;44;4.0
26148;90;5.0
26168;5;2.0
26168;106;2.0
26175;29;1.0
26175;53;1.0
26175;41;1.0
26199;19;1.0
26205;23;1.0
26205;88;1.0
26205;102;1.0
26205;45;1.0
26236;51;1.0
26236;48;1.0
26236;15;1.0
26236;29;1.0
26236;12;1.0
26236;127;2.0
26236;18;2.0
26236;90;1.0
26236;57;1.0
26236;55;1.0
26237;2;1.0
26237;15;2.0
26237;44;10.0
26237;18;6.0
26237;26;1.0
26237;21;1.0
26237;75;1.0
26237;120;1.0
26237;115;1.0
26237;57;1.0
26237;69;1.0
26251;90;2.0
26260;98;2.0
26260;71;2.0
26260;100;4.0
26260;96;1.0
26260;27;2.0
26263;29;2.0
26263;31;2.0
26263;42;3.0
26263;16;4.0
26263;90;4.0
26264;15;2.0
26264;29;2.0
26264;100;2.0
26264;54;1.0
26266;29;1.0
26266;81;1.0
26266;21;1.0
26276;15;1.0
26276;3;1.0
26276;12;1.0
26276;26;1.0
26276;39;1.0
26310;30;1.0
26310;31;2.0
26310;42;1.0
26310;71;1.0
26310;6;1.0
26310;18;1.0
26310;57;2.0
26313;116;2.0
26313;18;4.0
26313;90;4.0
26327;18;1.0
26327;26;1.0
26327;96;2.0
26332;15;1.0
26332;29;1.0
26332;4;1.0
26332;11;1.0
26332;98;1.0
26332;71;1.0
26332;23;1.0
26332;32;1.0
26332;114;1.0
26332;33;1.0
26332;100;3.0
26332;73;1.0
26332;57;1.0
26332;69;2.0
26333;15;2.0
26333;29;1.0
26333;98;1.0
26333;41;1.0
26333;25;1.0
26333;13;1.0
26333;101;1.0
26333;60;1.0
26333;21;1.0
26364;78;1.0
26378;15;1.0
26378;83;1.0
26378;23;1.0
26378;109;3.0
26378;78;1.0
26383;116;3.0
26383;100;3.0
26383;18;2.0
26383;94;3.0
26386;116;1.0
26414;2;2.0
26414;9;1.0
26416;44;4.0
26464;36;1.0
26464;15;2.0
26464;3;1.0
26464;122;1.0
26464;24;1.0
26464;43;1.0
26470;15;2.0
26470;24;1.0
26470;43;1.0
26470;90;2.0
26471;29;1.0
26471;116;1.0
26471;30;1.0
26471;41;1.0
26471;71;1.0
26471;23;1.0
26471;90;1.0
26474;77;2.0
26481;44;9.0
26481;101;1.0
26481;18;2.0
26481;94;6.0
26483;2;6.0
26486;127;2.0
26486;19;1.0
26514;31;1.0
26514;123;4.0
26514;76;1.0
26539;116;2.0
26539;53;1.0
26539;42;2.0
26539;56;1.0
26539;72;1.0
26539;26;1.0
26539;112;1.0
26539;14;1.0
26539;63;1.0
26539;57;1.0
26542;51;1.0
26542;15;1.0
26542;29;1.0
26542;98;2.0
26542;71;1.0
26542;32;1.0
26542;26;1.0
26542;21;1.0
26542;75;1.0
26542;94;2.0
26542;50;1.0
26542;27;1.0
26557;48;5.0
26557;71;1.0
26557;43;1.0
26557;69;1.0
26566;115;1.0
26576;127;1.0
26576;79;1.0
26577;15;2.0
26577;7;1.0
26577;27;1.0
26583;1;2.0
26583;77;1.0
26593;116;2.0
26593;4;1.0
26593;124;1.0
26618;116;2.0
26618;98;3.0
26618;44;8.0
26618;102;1.0
26618;18;2.0
26618;19;2.0
26618;50;1.0
26618;27;1.0
26620;95;2.0
26620;15;2.0
26620;83;2.0
26620;98;2.0
26620;5;1.0
26620;84;1.0
26620;102;1.0
26620;122;2.0
26620;60;1.0
26620;109;4.0
26620;28;1.0
26620;67;1.0
26620;74;1.0
26627;17;1.0
26627;78;1.0
26648;49;1.0
26648;24;1.0
26648;68;1.0
26659;82;1.0
26669;106;1.0
26683;1;1.0
26686;100;4.0
26686;123;2.0
26733;44;5.0
26733;70;6.0
26740;95;1.0
26740;29;1.0
26740;53;1.0
26740;31;1.0
26740;98;1.0
26740;42;1.0
26740;66;2.0
26740;109;2.0
26740;108;1.0
26740;57;1.0
26740;69;1.0
26744;15;1.0
26744;30;1.0
26744;123;1.0
26744;65;1.0
26744;91;2.0
26744;28;1.0
26748;116;2.0
26748;123;2.0
26748;97;1.0
26751;53;2.0
26751;44;3.0
26758;77;10.0
26765;15;1.0
26765;8;1.0
26765;122;1.0
26765;57;1.0
26765;69;2.0
26771;15;1.0
26771;44;8.0
26771;25;1.0
26782;3;1.0
26782;7;1.0
26782;84;1.0
26782;49;1.0
26782;124;1.0
26782;69;3.0
26791;36;1.0
26791;45;1.0
26791;79;1.0
26791;80;3.0
26791;17;1.0
26791;75;1.0
26791;57;1.0
26791;85;1.0
26818;18;4.0
26818;63;1.0
26830;44;4.0
26830;123;3.0
26831;15;2.0
26831;29;1.0
26875;42;2.0
26875;7;1.0
26875;57;1.0
26875;69;1.0
26892;26;1.0
26892;19;1.0
26895;69;2.0
26927;15;1.0
26927;3;1.0
26927;111;2.0
26927;87;2.0
26927;57;1.0
26927;47;1.0
26961;19;2.0
26961;93;1.0
26961;63;1.0
26963;44;6.0
26963;26;1.0
26964;15;2.0
26964;83;1.0
26964;98;1.0
26964;42;1.0
26964;71;1.0
26964;25;2.0
26964;123;2.0
26964;80;1.0
26964;121;1.0
26964;17;1.0
26964;24;1.0
26964;76;2.0
26986;2;2.0
26990;14;1.0
26990;17;1.0
27008;69;1.0
27009;51;2.0
27009;31;2.0
27009;98;2.0
27009;42;2.0
27009;100;10.0
27009;24;2.0
27062;95;1.0
27062;42;1.0
27062;38;1.0
27062;18;1.0
27062;21;1.0
27062;57;1.0
27062;107;1.0
27062;69;1.0
27083;118;2.0
27083;98;2.0
27083;25;2.0
27083;18;1.0
27090;41;1.0
27090;23;3.0
27090;33;3.0
27098;25;1.0
27098;12;2.0
27098;7;1.0
27098;33;2.0
27098;21;1.0
27098;28;1.0
27112;51;2.0
27112;2;2.0
27112;98;2.0
27112;114;2.0
27112;7;1.0
27112;79;1.0
27112;60;1.0
27112;64;2.0
27121;2;4.0
27121;15;2.0
27126;119;1.0
27126;12;1.0
27126;39;2.0
27126;58;1.0
27128;15;1.0
27128;83;1.0
27128;3;1.0
27128;53;1.0
27128;81;1.0
27128;7;1.0
27128;100;12.0
27128;54;1.0
27128;101;1.0
27128;26;1.0
27128;126;1.0
27146;71;1.0
27146;59;1.0
27146;62;1.0
27146;112;1.0
27146;109;3.0
27146;14;2.0
27146;57;2.0
27146;58;1.0
27148;14;1.0
27148;126;2.0
27173;118;2.0
27173;119;1.0
27173;30;1.0
27173;44;7.0
27173;52;1.0
27173;114;1.0
27173;18;1.0
27173;124;1.0
27221;3;8.0
27221;112;1.0
27221;99;2.0
27225;76;1.0
27225;67;3.0
27229;104;2.0
27229;14;1.0
27252;51;1.0
27252;15;1.0
27252;30;1.0
27252;31;1.0
27252;98;1.0
27252;40;2.0
27252;12;1.0
27252;18;2.0
27252;19;1.0
27252;8;1.0
27252;17;1.0
27252;99;1.0
27252;69;1.0
27252;70;1.0
27255;54;3.0
27255;110;2.0
27260;56;1.0
27262;44;5.0
27262;21;1.0
27262;70;1.0
27263;15;2.0
27263;118;2.0
27263;116;1.0
27263;31;1.0
27263;98;1.0
27263;44;3.0
27263;25;2.0
27263;12;2.0
27263;7;1.0
27263;64;1.0
27269;44;12.0
27269;114;2.0
27269;18;1.0
27274;23;1.0
27274;12;1.0
27274;7;1.0
27274;122;2.0
27274;28;1.0
27283;30;1.0
27283;114;1.0
27283;13;1.0
27283;73;1.0
27283;104;2.0
27283;121;1.0
27283;14;1.0
27305;44;6.0
27305;7;1.0
27305;84;1.0
27305;58;1.0
27305;91;2.0
27305;69;1.0
27307;7;1.0
27307;24;1.0
27313;15;2.0
27313;53;1.0
27313;103;1.0
27313;79;1.0
27313;64;3.0
27319;53;1.0
27319;30;1.0
27319;42;2.0
27319;46;1.0
27319;67;1.0
27320;15;1.0
27320;83;1.0
27320;12;1.0
27320;7;1.0
27320;129;2.0
27320;128;1.0
27320;21;1.0
27330;54;5.0
27330;54;1.0
27330;74;1.0
27333;116;1.0
27333;98;1.0
27333;5;6.0
27333;52;1.0
27333;20;1.0
27339;51;1.0
27339;36;1.0
27343;11;1.0
27343;30;1.0
27343;71;1.0
27343;114;1.0
27343;129;3.0
27343;108;1.0
27343;97;1.0
27343;57;1.0
27365;15;1.0
27365;53;1.0
27365;30;1.0
27365;41;1.0
27365;44;3.0
27365;62;1.0
27365;50;1.0
27365;78;1.0
27365;58;1.0
27365;126;2.0
27376;15;1.0
27376;114;2.0
27376;84;1.0
27377;53;1.0
27377;98;1.0
27377;5;6.0
27377;42;2.0
27377;71;2.0
27377;126;1.0
27377;69;2.0
27379;118;2.0
27379;116;2.0
27379;98;2.0
27379;123;2.0
27379;18;1.0
27379;28;1.0
27384;95;1.0
27384;118;1.0
27384;119;2.0
27384;98;2.0
27384;123;1.0
27384;94;3.0
27384;97;2.0
27395;15;2.0
27395;119;1.0
27395;30;1.0
27395;73;2.0
27395;121;2.0
27400;83;1.0
27400;57;1.0
27400;69;1.0
27409;1;1.0
27409;7;1.0
27409;18;1.0
27409;115;3.0
27409;126;1.0
27412;2;4.0
27412;43;1.0
27426;15;1.0
27426;116;1.0
27426;123;1.0
27426;45;1.0
27426;46;1.0
27426;50;1.0
27426;69;2.0
27427;3;1.0
27427;30;1.0
27427;31;2.0
27427;82;1.0
27427;72;2.0
27427;96;1.0
27428;15;2.0
27428;118;1.0
27428;41;1.0
27428;42;1.0
27428;25;1.0
27428;114;1.0
27428;72;1.0
27428;123;1.0
27428;45;1.0
27428;111;1.0
27428;97;1.0
27428;47;1.0
27433;2;2.0
27433;31;1.0
27433;42;1.0
27433;7;1.0
27433;8;1.0
27433;90;1.0
27433;126;1.0
27436;18;1.0
27436;97;1.0
27439;118;1.0
27439;98;1.0
27439;32;1.0
27439;7;1.0
27439;84;1.0
27439;123;3.0
27439;18;1.0
27439;111;2.0
27439;39;2.0
27439;115;1.0
27440;38;1.0
27440;17;1.0
27440;39;1.0
27445;2;1.0
27451;15;2.0
27451;114;1.0
27451;14;1.0
27451;57;2.0
27451;85;1.0
27451;67;1.0
27454;15;1.0
27454;18;1.0
27454;45;1.0
27454;90;2.0
27472;41;1.0
27472;62;1.0
27472;121;1.0
27472;14;1.0
27476;3;1.0
27476;82;1.0
27476;42;1.0
27476;71;1.0
27476;23;1.0
27476;32;1.0
27476;35;1.0
27476;60;1.0
27476;128;1.0
27476;57;1.0
27495;15;1.0
27495;3;1.0
27495;62;1.0
27495;79;1.0
27495;16;4.0
27495;128;2.0
27495;57;2.0
27499;70;12.0
27502;29;1.0
27502;53;1.0
27502;101;1.0
27502;17;1.0
27505;1;2.0
27505;2;1.0
27505;15;1.0
27505;40;1.0
27505;109;6.0
27515;2;2.0
27515;75;1.0
27515;91;3.0
27523;15;1.0
27523;116;1.0
27523;30;1.0
27523;98;1.0
27523;42;1.0
27523;23;1.0
27523;114;1.0
27523;123;2.0
27523;109;2.0
27523;69;1.0
27525;15;1.0
27525;22;1.0
27525;18;1.0
27525;45;1.0
27525;111;1.0
27525;63;1.0
27525;78;1.0
27525;76;1.0
27525;69;1.0
27536;98;1.0
27536;19;1.0
27536;103;1.0
27536;107;1.0
27539;2;2.0
27539;53;1.0
27539;26;1.0
27539;17;1.0
27544;23;1.0
27544;44;3.0
27548;3;1.0
27548;98;1.0
27548;71;2.0
27548;114;2.0
27548;38;1.0
27550;29;1.0
27550;98;1.0
27550;42;1.0
27550;59;1.0
27550;18;1.0
27550;62;1.0
27550;111;1.0
27550;121;1.0
27553;67;1.0
27558;51;1.0
27558;15;2.0
27558;98;1.0
27558;32;1.0
27558;6;2.0
27558;7;3.0
27558;123;4.0
27569;2;1.0
27569;101;1.0
27569;45;1.0
27569;62;1.0
27592;14;1.0
27592;43;2.0
27592;10;1.0
27608;2;1.0
27639;2;1.0
27641;15;2.0
27693;119;2.0
27693;50;1.0
27696;1;1.0
27696;15;2.0
27696;42;2.0
27696;13;1.0
27696;20;1.0
27696;75;1.0
27696;90;2.0
27696;69;2.0
27696;74;2.0
27704;95;1.0
27704;118;2.0
27704;119;1.0
27704;116;1.0
27704;31;1.0
27704;98;1.0
27704;40;1.0
27704;71;1.0
27704;32;1.0
27704;6;2.0
27704;114;1.0
27704;123;2.0
27704;129;2.0
27704;60;1.0
27704;69;3.0
27748;29;2.0
27748;30;2.0
27751;61;1.0
27751;26;1.0
27758;51;1.0
27758;98;2.0
27758;6;3.0
27758;7;1.0
27758;100;3.0
27758;58;1.0
27758;85;1.0
27758;69;1.0
27762;61;2.0
27762;26;1.0
27762;91;2.0
27762;107;1.0
27762;74;1.0
27765;42;1.0
27765;26;1.0
27765;129;2.0
27765;68;1.0
27779;61;1.0
27779;18;1.0
27779;80;1.0
27779;76;1.0
27779;91;2.0
27781;3;2.0
27781;105;2.0
27784;53;1.0
27784;30;1.0
27784;81;1.0
27784;126;1.0
27801;8;1.0
27801;35;1.0
27801;125;1.0
27817;15;2.0
27817;25;3.0
27817;9;2.0
27824;84;1.0
27824;79;1.0
27824;90;3.0
27824;94;1.0
27824;64;2.0
27832;95;3.0
27832;3;1.0
27832;116;3.0
27832;30;2.0
27832;31;2.0
27832;40;3.0
27832;42;3.0
27832;32;2.0
27832;6;2.0
27832;72;1.0
27832;108;1.0
27832;120;2.0
27837;31;1.0
27837;7;1.0
27837;86;1.0
27839;84;1.0
27839;79;1.0
27839;90;3.0
27839;94;1.0
27839;64;2.0
27849;45;1.0
27849;14;1.0
27849;50;1.0
27849;126;1.0
27850;70;3.0
27853;118;1.0
27853;119;2.0
27853;98;1.0
27853;42;1.0
27853;12;1.0
27853;52;1.0
27853;7;1.0
27853;100;2.0
27853;46;1.0
27853;27;1.0
27880;31;1.0
27880;71;1.0
27880;12;2.0
27880;52;2.0
27880;114;1.0
27881;84;1.0
27881;104;2.0
27881;14;1.0
27881;21;1.0
27890;95;1.0
27890;15;3.0
27890;61;1.0
27890;114;1.0
27890;7;1.0
27890;26;1.0
27890;111;1.0
27890;99;4.0
27890;39;2.0
27890;28;3.0
27899;29;1.0
27899;3;1.0
27899;71;1.0
27899;25;2.0
27899;6;2.0
27899;114;2.0
27899;108;1.0
27899;89;2.0
27907;95;2.0
27907;29;2.0
27907;118;1.0
27907;119;2.0
27907;116;2.0
27907;53;1.0
27907;30;1.0
27907;31;2.0
27907;98;2.0
27907;41;1.0
27907;42;1.0
27907;23;1.0
27907;25;2.0
27907;100;3.0
27907;26;1.0
27907;45;1.0
27907;14;1.0
27907;21;1.0
27907;97;2.0
27907;27;2.0
27909;22;3.0
27909;38;1.0
27909;59;1.0
27909;73;3.0
27909;121;4.0
27908;15;2.0
27908;22;4.0
27908;7;1.0
27908;123;5.0
27908;27;2.0
27908;91;2.0
27913;2;3.0
27913;122;2.0
27940;102;1.0
27964;7;2.0
27964;84;1.0
27964;127;1.0
27964;103;1.0
27964;75;1.0
27982;29;1.0
27982;53;1.0
27982;30;1.0
27982;46;1.0
27992;15;2.0
27992;29;2.0
27992;116;2.0
27992;30;1.0
27992;34;1.0
27992;14;1.0
28013;15;2.0
28013;80;1.0
28013;14;1.0
28013;24;1.0
28035;29;1.0
28035;30;1.0
28035;31;1.0
28035;71;1.0
28035;33;2.0
28035;60;1.0
28035;109;4.0
28035;89;1.0
28035;57;1.0
28035;69;1.0
28035;74;1.0
28044;2;12.0
28046;5;2.0
28046;90;1.0
28046;97;1.0
28047;15;2.0
28047;3;1.0
28047;116;1.0
28047;44;4.0
28047;60;1.0
28047;64;2.0
28047;69;1.0
28050;15;1.0
28050;23;1.0
28050;114;1.0
28050;73;1.0
28050;43;1.0
28050;69;1.0
28075;29;2.0
28075;42;2.0
28075;12;2.0
28075;33;1.0
28075;26;1.0
28090;29;1.0
28090;3;1.0
28090;32;1.0
28090;72;1.0
28090;122;1.0
28090;14;1.0
28090;21;1.0
28110;29;1.0
28110;116;1.0
28110;130;1.0
28110;111;1.0
28110;27;2.0
28141;15;1.0
28141;83;1.0
28141;3;1.0
28141;25;1.0
28141;16;3.0
28141;73;1.0
28141;14;1.0
28141;74;2.0
28143;12;1.0
28143;130;1.0
28143;108;1.0
28143;96;1.0
28143;85;1.0
28157;15;3.0
28157;45;1.0
28158;15;1.0
28158;19;1.0
28158;45;1.0
28158;112;1.0
28158;115;1.0
28159;60;1.0
28159;94;1.0
28160;29;2.0
28160;116;2.0
28160;12;2.0
28160;111;2.0
28160;112;1.0
28163;7;1.0
28163;26;1.0
28163;126;1.0
28163;64;2.0
28164;68;1.0
28189;29;1.0
28189;42;1.0
28189;123;1.0
28189;77;1.0
28189;68;1.0
28193;29;2.0
28193;20;1.0
28266;21;1.0
28266;90;1.0
28266;69;1.0
28271;51;5.0
28271;44;8.0
28271;130;2.0
28210;29;2.0
28210;114;2.0
28210;20;5.0
28277;15;1.0
28277;25;2.0
28277;123;3.0
28277;57;1.0
28277;58;1.0
28215;15;2.0
28215;25;1.0
28285;66;5.0
28287;83;1.0
28287;23;1.0
28287;106;1.0
28287;58;1.0
28288;61;1.0
28288;130;2.0
28288;69;1.0
28306;93;1.0
28306;90;1.0
28306;57;2.0
28306;76;1.0
28311;15;1.0
28223;26;3.0
28224;110;1.0
28227;17;1.0
28227;39;1.0
28227;106;1.0
28227;27;2.0
28331;15;1.0
28331;29;1.0
28331;32;1.0
28331;109;4.0
28331;78;1.0
28331;27;2.0
28331;85;1.0
28335;14;1.0
28335;90;1.0
28335;57;1.0
28252;51;1.0
28252;29;1.0
28252;3;1.0
28252;30;1.0
28252;5;6.0
28252;41;2.0
28252;12;1.0
28252;105;1.0
28252;130;1.0
28252;123;2.0
28252;75;1.0
28252;90;1.0
28252;57;1.0
28252;125;1.0
28252;69;1.0
28351;42;2.0
28351;126;1.0
28351;69;2.0
28354;41;2.0
28354;114;2.0
28354;123;5.0
28354;78;1.0
28354;69;1.0
28371;77;10.0
28379;36;1.0
28379;41;2.0
28379;130;1.0
28379;76;1.0
28386;29;2.0
28386;5;6.0
28386;12;2.0
28386;117;2.0
28387;29;1.0
28387;119;1.0
28387;116;1.0
28387;30;1.0
28387;42;1.0
28387;23;1.0
28387;44;3.0
28387;32;1.0
28387;12;1.0
28387;52;1.0
28387;81;1.0
28387;84;1.0
28387;130;1.0
28387;123;3.0
28387;21;1.0
28387;17;1.0
28387;27;1.0
28387;70;2.0
28391;15;2.0
28391;26;3.0
28391;106;1.0
28391;76;1.0
28404;119;2.0
28404;52;2.0
28404;14;1.0
28404;96;1.0
28404;126;1.0
28411;41;1.0
28411;97;1.0
28414;30;1.0
28414;38;1.0
28414;63;1.0
28414;39;2.0
28414;126;1.0
28418;127;1.0
28418;106;1.0
28428;95;2.0
28428;51;1.0
28428;53;1.0
28428;52;1.0
28428;75;1.0
28428;57;1.0
28428;27;2.0
28435;127;1.0
28435;20;1.0
28449;57;1.0
28455;3;1.0
28455;40;1.0
28455;42;1.0
28455;130;2.0
28455;129;3.0
28458;130;2.0
28458;123;2.0
28458;86;1.0
28465;88;1.0
28465;14;1.0
28465;27;1.0
28466;48;1.0
28466;3;2.0
28466;4;1.0
28466;30;1.0
28466;82;1.0
28466;40;2.0
28466;42;1.0
28466;71;1.0
28466;66;10.0
28466;66;1.0
28466;54;1.0
28466;104;2.0
28466;57;1.0
28466;47;1.0
28489;15;2.0
28489;3;1.0
28489;32;1.0
28489;108;2.0
28540;44;6.0
28540;26;2.0
28540;90;2.0
28559;15;1.0
28559;83;2.0
28559;82;1.0
28559;42;1.0
28559;26;4.0
28559;19;1.0
28559;112;1.0
28559;94;3.0
28559;27;2.0
28574;110;1.0
28621;15;3.0
28621;6;1.0
28632;1;1.0
28632;106;2.0
28632;70;6.0
28639;2;3.0
28646;29;1.0
28646;114;1.0
28646;24;1.0
28650;95;1.0
28650;15;1.0
28650;3;1.0
28650;116;1.0
28650;42;1.0
28650;71;1.0
28650;6;1.0
28650;130;1.0
28650;65;1.0
28650;129;1.0
28650;24;1.0
28650;57;1.0
28650;96;2.0
28650;85;1.0
28651;1;3.0
28651;83;2.0
28651;3;1.0
28651;5;1.0
28692;127;1.0
28692;115;1.0
28726;124;1.0
28726;107;1.0
28731;5;2.0
28731;49;1.0
28746;2;3.0
28768;29;1.0
28768;3;1.0
28768;119;2.0
28768;53;1.0
28768;40;1.0
28768;32;1.0
28768;6;2.0
28768;81;1.0
28768;60;1.0
28768;64;2.0
28771;95;1.0
28771;31;1.0
28771;42;1.0
28771;7;1.0
28771;108;1.0
28771;115;1.0
28840;29;2.0
28840;30;1.0
28840;40;1.0
28840;32;1.0
28840;12;1.0
28840;109;4.0
28840;89;1.0
28840;69;2.0
28849;15;2.0
28849;47;2.0
28872;32;1.0
28872;130;1.0
28872;103;1.0
28872;65;1.0
28872;62;1.0
28872;14;1.0
28872;89;1.0
28873;15;2.0
28873;129;3.0
28873;69;2.0
28879;40;4.0
28879;43;1.0
28879;94;2.0
28883;15;2.0
28883;7;1.0
28883;16;2.0
28883;75;1.0
28883;97;1.0
28883;96;1.0
28883;27;1.0
28883;85;1.0
28883;28;2.0
28889;44;11.0
28889;113;1.0
28916;84;1.0
28916;59;1.0
28916;126;1.0
28950;48;15.0
28950;48;3.0
28950;54;8.0
28950;54;1.0
28973;1;1.0
28973;29;1.0
28973;19;1.0
28973;108;1.0
28973;91;1.0
28995;15;1.0
28995;16;2.0
28997;118;2.0
28997;115;1.0
29019;1;2.0
29019;106;1.0
29062;1;1.0
29076;29;1.0
29076;42;1.0
29076;14;1.0
29079;60;1.0
29079;14;1.0
29079;86;1.0
29079;57;1.0
29082;15;1.0
29082;30;1.0
29082;123;2.0
29082;128;1.0
29082;50;1.0
29085;32;1.0
29085;76;1.0
29090;106;3.0
29090;87;3.0
29095;125;2.0
29100;4;1.0
29100;44;3.0
29100;79;1.0
29110;73;2.0
29110;24;1.0
29110;87;1.0
29111;65;1.0
29111;14;1.0
29111;46;1.0
29111;28;3.0
29151;60;1.0
29188;51;2.0
29188;15;3.0
29188;100;4.0
29188;13;1.0
29188;34;1.0
29188;104;2.0
29188;60;1.0
29188;87;2.0
29188;47;1.0
29188;126;1.0
29200;26;1.0
29200;107;1.0
29202;116;1.0
29202;129;2.0
29202;89;1.0
29202;67;1.0
29206;4;1.0
29206;73;1.0
29206;14;1.0
29206;57;1.0
29211;114;1.0
29214;2;2.0
29214;3;1.0
29214;127;1.0
29214;131;1.0
29214;75;1.0
29224;51;2.0
29224;30;1.0
29224;31;1.0
29224;42;1.0
29224;12;1.0
29224;88;1.0
29224;123;3.0
29238;53;2.0
29238;100;2.0
29238;59;1.0
29238;108;1.0
29238;99;1.0
29238;91;2.0
29252;15;1.0
29252;22;2.0
29252;84;1.0
29252;99;1.0
29252;28;1.0
29252;67;1.0
29313;51;1.0
29313;36;1.0
29313;7;1.0
29313;123;2.0
29313;8;1.0
29313;39;1.0
29324;87;4.0
29324;50;4.0
29365;123;1.0
29365;112;1.0
29366;15;2.0
29366;22;3.0
29366;56;1.0
29366;26;1.0
29366;60;1.0
29410;29;2.0
29410;130;2.0
29410;129;4.0
29410;14;1.0
29421;14;1.0
29421;24;1.0
29429;15;2.0
29429;3;1.0
29429;44;6.0
29429;7;2.0
29429;26;2.0
29429;16;4.0
29429;63;1.0
29429;64;1.0
29429;117;1.0
29429;28;2.0
29449;1;1.0
29449;116;3.0
29449;32;1.0
29449;35;1.0
29449;115;3.0
29449;126;2.0
29463;3;1.0
29463;4;1.0
29463;82;1.0
29463;23;1.0
29463;100;6.0
29463;62;1.0
29463;49;1.0
29463;80;1.0
29463;99;3.0
29463;46;1.0
29463;87;1.0
29477;29;1.0
29477;53;2.0
29491;82;1.0
29507;33;1.0
29507;49;1.0
29510;15;2.0
29510;25;3.0
29510;52;3.0
29510;33;2.0
29510;123;2.0
29538;15;2.0
29538;3;1.0
29538;123;2.0
29564;49;1.0
29564;24;3.0
29564;43;1.0
29567;106;1.0
29575;116;1.0
29575;123;1.0
29575;57;1.0
29575;91;1.0
29579;51;1.0
29579;29;1.0
29579;35;2.0
29579;10;1.0
29579;28;1.0
29584;29;1.0
29584;118;1.0
29584;119;2.0
29584;52;2.0
29584;114;1.0
29584;100;2.0
29584;26;1.0
29584;120;1.0
29584;57;1.0
29584;69;1.0
29606;1;2.0
29606;15;2.0
29606;41;2.0
29606;62;2.0
29606;106;2.0
29617;43;1.0
29618;29;2.0
29618;12;2.0
29618;107;1.0
29641;83;5.0
29641;7;20.0
29642;87;3.0
29648;5;6.0
29656;69;1.0
29663;60;1.0
29686;15;2.0
29686;122;2.0
29686;68;1.0
29694;112;1.0
29694;77;3.0
29695;51;2.0
29695;15;2.0
29695;29;1.0
29695;118;1.0
29695;32;1.0
29695;114;4.0
29695;102;1.0
29695;132;1.0
29695;79;2.0
29695;111;1.0
29695;60;1.0
29695;14;1.0
29695;117;3.0
29697;22;2.0
29697;83;1.0
29697;3;1.0
29697;4;1.0
29697;31;2.0
29697;40;1.0
29697;25;1.0
29697;123;2.0
29697;60;1.0
29697;109;3.0
29702;42;1.0
29702;57;1.0
29702;69;3.0
29702;110;1.0
29710;54;1.0
29709;29;2.0
29709;116;2.0
29709;53;1.0
29709;26;2.0
29709;79;1.0
29709;129;3.0
29709;63;1.0
29709;64;2.0
29709;55;1.0
29709;68;1.0
29731;22;1.0
29731;29;1.0
29731;53;1.0
29731;41;2.0
29731;100;2.0
29731;108;1.0
29731;68;2.0
29735;53;2.0
29735;102;2.0
29749;29;1.0
29749;14;1.0
29761;51;2.0
29761;15;2.0
29761;9;1.0
29771;83;3.0
29771;29;3.0
29771;3;3.0
29771;30;2.0
29771;114;4.0
29771;105;2.0
29771;60;1.0
29771;55;2.0
29773;15;2.0
29773;46;1.0
29773;39;1.0
29782;7;1.0
29782;123;2.0
29787;53;2.0
29805;15;1.0
29805;29;2.0
29805;44;9.0
29805;37;1.0
29805;120;1.0
29805;87;1.0
29805;126;1.0
29846;2;6.0
29872;48;1.0
29872;22;1.0
29874;51;1.0
29874;15;1.0
29874;29;1.0
29874;41;1.0
29874;42;1.0
29874;114;1.0
29874;88;1.0
29874;130;1.0
29874;60;1.0
29874;57;2.0
29874;27;1.0
29874;107;1.0
29876;29;1.0
29876;30;1.0
29876;44;5.0
29876;7;1.0
29876;109;6.0
29876;94;1.0
29876;78;1.0
29876;126;1.0
29879;44;11.0
29887;15;1.0
29887;22;3.0
29887;29;2.0
29887;53;2.0
29887;41;1.0
29887;78;1.0
29893;3;1.0
29893;116;2.0
29893;42;1.0
29893;32;1.0
29893;37;1.0
29893;123;2.0
29893;125;1.0
29900;119;1.0
29900;88;1.0
29900;130;1.0
29900;60;1.0
29900;57;1.0
29918;15;12.0
29918;60;6.0
29920;15;12.0
29920;60;6.0
29939;15;2.0
29939;121;2.0
29939;108;1.0
29939;89;1.0
29939;125;2.0
29975;1;1.0
29975;116;2.0
29975;53;1.0
29975;5;1.0
29975;130;1.0
29975;108;1.0
29975;17;1.0
29975;27;1.0
29975;107;1.0
29975;28;1.0
29980;2;6.0
29980;29;1.0
29980;30;1.0
29980;81;1.0
29995;83;6.0
29995;82;1.0
30011;116;1.0
30011;53;2.0
30011;4;1.0
30011;38;1.0
30011;121;1.0
30011;89;1.0
30011;57;6.0
30030;15;1.0
30030;83;1.0
30030;29;1.0
30030;3;1.0
30030;37;1.0
30030;57;1.0
30031;14;1.0
30031;50;1.0
30040;29;1.0
30040;12;1.0
30040;103;1.0
30040;78;1.0
30058;54;2.0
30058;73;1.0
30069;15;2.0
30069;29;1.0
30069;3;1.0
30069;116;1.0
30069;5;8.0
30069;25;1.0
30069;32;1.0
30069;114;1.0
30069;105;1.0
30069;84;1.0
30069;123;4.0
30069;78;1.0
30069;125;1.0
30070;119;1.0
30072;29;1.0
30072;12;1.0
30072;66;5.0
30072;66;1.0
30072;125;1.0
30078;30;1.0
30078;40;1.0
30078;41;1.0
30078;12;1.0
30078;13;1.0
30078;9;1.0
30078;55;1.0
30098;22;1.0
30099;84;1.0
30102;1;3.0
30102;41;2.0
30108;15;1.0
30108;22;2.0
30108;29;1.0
30108;30;1.0
30108;132;1.0
30108;80;1.0
30108;90;1.0
30108;67;1.0
30109;70;6.0
30112;131;1.0
30112;132;1.0
30112;120;1.0
30112;85;1.0
30127;15;2.0
30127;116;1.0
30127;100;17.0
30127;130;13.0
30127;120;3.0
30148;15;2.0
30148;118;1.0
30148;116;2.0
30148;42;1.0
30148;71;1.0
30148;32;1.0
30148;130;2.0
30148;123;2.0
30148;131;1.0
30148;132;1.0
30148;73;2.0
30148;121;3.0
30148;128;1.0
30148;43;2.0
30148;68;1.0
30148;74;1.0
30156;29;2.0
30156;3;1.0
30156;116;1.0
30156;4;1.0
30156;11;1.0
30156;30;1.0
30156;25;1.0
30156;32;1.0
30156;114;2.0
30156;130;1.0
30156;123;1.0
30156;39;1.0
30156;57;3.0
30156;125;1.0
30168;95;1.0
30168;118;1.0
30168;31;1.0
30168;5;1.0
30168;42;1.0
30168;44;4.0
30168;52;2.0
30168;123;4.0
30168;19;1.0
30168;24;1.0
30168;110;1.0
30185;19;2.0
30185;97;1.0
30197;44;6.0
30203;15;2.0
30203;118;1.0
30203;116;1.0
30203;98;1.0
30203;25;2.0
30203;32;1.0
30203;7;3.0
30203;123;1.0
30203;122;2.0
30207;15;1.0
30207;82;1.0
30207;52;1.0
30207;105;1.0
30207;14;1.0
30207;21;1.0
30207;27;2.0
30207;124;2.0
30216;51;2.0
30216;29;1.0
30216;3;1.0
30216;30;1.0
30216;31;1.0
30216;98;1.0
30216;41;1.0
30216;42;1.0
30216;44;3.0
30216;32;1.0
30216;114;1.0
30216;123;2.0
30216;19;1.0
30216;128;1.0
30216;14;1.0
30216;113;1.0
30216;63;1.0
30216;58;1.0
30216;27;1.0
30216;91;2.0
30216;110;1.0
30230;1;1.0
30230;24;3.0
30230;99;1.0
30245;119;2.0
30245;116;6.0
30245;98;6.0
30245;25;2.0
30245;52;1.0
30245;20;1.0
30245;123;2.0
30245;21;1.0
30245;86;1.0
30245;10;1.0
30245;68;1.0
30260;29;1.0
30260;116;1.0
30260;30;1.0
30260;12;1.0
30260;81;1.0
30260;59;2.0
30261;15;1.0
30266;15;1.0
30266;20;2.0
30266;45;2.0
30266;67;4.0
30296;15;1.0
30296;22;1.0
30296;3;1.0
30296;7;1.0
30325;7;1.0
30325;49;1.0
30325;17;1.0
30325;46;1.0
30325;115;2.0
30325;126;1.0
30325;64;1.0
30327;113;1.0
30327;115;6.0
30327;117;1.0
30337;104;6.0
30337;110;1.0
30341;15;2.0
30341;114;1.0
30341;7;2.0
30341;84;1.0
30341;33;1.0
30341;13;1.0
30341;20;1.0
30341;109;4.0
30341;99;2.0
30341;110;3.0
30350;98;1.0
30350;108;1.0
30355;84;1.0
30355;9;1.0
30358;60;1.0
30358;78;1.0
30358;91;2.0
30373;87;2.0
30390;29;2.0
30390;44;5.0
30390;25;2.0
30390;79;1.0
30411;12;2.0
30411;123;3.0
30411;43;1.0
30416;21;1.0
30416;58;1.0
30418;29;2.0
30418;11;1.0
30418;81;1.0
30418;7;1.0
30418;101;1.0
30418;106;1.0
30418;97;1.0
30435;2;1.0
30435;15;1.0
30435;29;1.0
30435;30;1.0
30435;113;1.0
30441;42;2.0
30441;32;1.0
30441;58;1.0
30442;51;1.0
30442;23;2.0
30442;114;1.0
30442;34;1.0
30442;123;2.0
30442;60;1.0
30442;75;1.0
30442;57;1.0
30442;76;1.0
30442;126;1.0
30442;67;1.0
30444;15;1.0
30444;29;1.0
30444;42;1.0
30444;32;1.0
30444;123;1.0
30444;26;1.0
30444;50;1.0
30444;57;1.0
30444;27;2.0
30444;85;1.0
30449;2;1.0
30449;65;1.0
30449;46;1.0
30461;15;1.0
30461;22;1.0
30461;116;1.0
30461;30;1.0
30461;98;1.0
30461;42;1.0
30461;25;1.0
30461;114;1.0
30461;100;2.0
30461;131;1.0
30461;109;2.0
30484;119;3.0
30484;53;1.0
30484;98;1.0
30484;62;2.0
30484;73;1.0
30485;29;2.0
30485;119;2.0
30485;14;1.0
30485;10;1.0
30486;3;1.0
30486;116;1.0
30486;26;1.0
30486;78;1.0
30486;27;1.0
30486;110;1.0
30493;15;1.0
30493;62;2.0
30494;15;1.0
30494;114;1.0
30494;7;1.0
30494;123;2.0
30494;26;1.0
30494;17;1.0
30494;126;1.0
30495;80;1.0
30511;4;1.0
30511;30;1.0
30511;130;1.0
30511;50;1.0
30511;57;1.0
30511;96;1.0
30513;27;1.0
30513;107;1.0
30513;70;6.0
30583;44;2.0
30583;33;1.0
30583;79;1.0
30583;87;2.0
30588;48;2.0
30588;70;4.0
30589;15;1.0
30589;89;2.0
30589;57;1.0
30603;51;1.0
30603;15;2.0
30603;29;2.0
30603;3;1.0
30603;30;1.0
30603;114;2.0
30603;130;1.0
30603;123;1.0
30603;112;1.0
30603;55;2.0
30605;15;1.0
30605;29;2.0
30605;40;1.0
30605;37;1.0
30605;33;2.0
30605;111;1.0
30605;73;2.0
30605;60;1.0
30605;14;1.0
30605;89;1.0
30605;57;2.0
30605;58;1.0
30605;117;1.0
30609;15;3.0
30609;44;7.0
30615;124;1.0
30625;21;1.0
30632;29;1.0
30632;25;1.0
30632;7;1.0
30632;102;1.0
30632;132;1.0
30632;58;1.0
30649;22;1.0
30649;53;1.0
30649;25;2.0
30649;7;1.0
30649;26;1.0
30654;3;1.0
30654;119;2.0
30654;116;2.0
30654;30;1.0
30654;98;2.0
30654;42;2.0
30654;114;1.0
30654;123;2.0
30661;2;4.0
30661;15;1.0
30661;22;1.0
30661;61;1.0
30661;3;1.0
30661;100;1.0
30661;108;1.0
30674;15;1.0
30674;29;1.0
30674;30;1.0
30674;31;1.0
30674;98;1.0
30674;42;1.0
30674;37;1.0
30674;100;2.0
30674;35;1.0
30674;73;1.0
30674;109;2.0
30674;14;1.0
30674;120;1.0
30674;68;1.0
30685;22;3.0
30685;29;1.0
30685;40;2.0
30685;44;4.0
30685;33;1.0
30685;62;1.0
30685;89;1.0
30698;112;1.0
30698;9;1.0
30706;26;1.0
30706;14;1.0
30706;27;4.0
30715;15;2.0
30715;127;1.0
30715;101;1.0
30715;26;2.0
30715;45;1.0
30715;122;3.0
30715;46;1.0
30715;74;1.0
30719;26;1.0
30719;55;1.0
30727;55;1.0
30730;116;1.0
30730;123;2.0
30730;115;2.0
30752;2;2.0
30752;83;1.0
30752;33;1.0
30752;26;1.0
30759;22;2.0
30759;42;2.0
30765;15;1.0
30798;71;1.0
30798;114;1.0
30798;81;1.0
30798;130;1.0
30798;131;1.0
30798;16;2.0
30798;9;1.0
30799;87;2.0
30813;119;3.0
30813;82;1.0
30813;49;1.0
30813;73;1.0
30813;80;2.0
30813;63;2.0
30813;39;1.0
30814;3;1.0
30814;25;3.0
30814;33;3.0
30814;74;2.0
30816;54;1.0
30821;29;2.0
30852;7;2.0
30852;54;7.0
30852;54;1.0
30852;125;1.0
30878;15;2.0
30882;29;1.0
30882;40;1.0
30882;71;1.0
30882;6;1.0
30882;130;2.0
30882;43;1.0
30882;77;1.0
30883;2;4.0
30883;26;1.0
30883;126;1.0
30896;118;1.0
30896;119;3.0
30896;52;2.0
30896;46;1.0
30901;15;2.0
30901;98;1.0
30901;41;1.0
30901;25;1.0
30901;52;2.0
30901;122;2.0
30901;109;3.0
30901;17;1.0
30901;43;1.0
30901;63;1.0
30901;125;1.0
30901;10;1.0
30937;15;1.0
30937;44;2.0
30937;90;1.0
30937;94;1.0
30937;87;1.0
30950;103;1.0
30950;87;4.0
30951;40;1.0
30959;84;2.0
30959;20;1.0
30963;131;1.0
30963;62;1.0
30962;15;2.0
30962;83;1.0
30962;116;2.0
30962;7;1.0
30962;123;2.0
30962;16;2.0
30962;109;1.0
30962;91;3.0
30962;69;2.0
30962;110;1.0
30979;14;1.0
30979;125;1.0
30979;27;1.0
30979;74;1.0
30982;22;2.0
30982;114;1.0
30982;7;1.0
30982;60;1.0
30982;78;2.0
30982;96;1.0
30982;58;1.0
30988;109;6.0
30988;75;2.0
30988;89;1.0
30988;78;2.0
30989;52;1.0
30989;130;1.0
30989;123;3.0
30989;8;1.0
30989;21;1.0
30989;113;2.0
30989;92;2.0
30989;90;1.0
30989;85;1.0
30999;60;1.0
30999;50;1.0
31006;2;3.0
31006;5;1.0
31006;50;1.0
31009;15;2.0
31009;98;2.0
31009;82;1.0
31009;19;1.0
31009;79;1.0
31009;60;1.0
31009;112;1.0
31009;113;1.0
31009;27;1.0
31011;65;1.0
31011;58;1.0
31011;85;2.0
31019;131;1.0
31019;89;1.0
31020;15;1.0
31020;70;2.0
31040;62;2.0
31054;95;1.0
31054;40;1.0
31054;42;1.0
31054;44;6.0
31059;119;1.0
31059;116;2.0
31059;98;1.0
31059;100;1.0
31059;21;1.0
31059;113;1.0
31059;86;1.0
31059;91;2.0
31061;15;1.0
31061;71;1.0
31061;54;1.0
31061;90;2.0
31061;77;2.0
31061;58;1.0
31061;27;1.0
31071;101;1.0
31077;51;1.0
31077;3;1.0
31077;6;2.0
31077;88;1.0
31077;123;3.0
31077;45;1.0
31077;96;1.0
31077;124;1.0
31077;69;2.0
31084;116;2.0
31084;98;1.0
31084;42;1.0
31084;100;4.0
31090;15;2.0
31090;21;2.0
31090;17;1.0
31113;116;3.0
31113;44;8.0
31128;51;1.0
31128;15;1.0
31128;29;1.0
31128;56;1.0
31128;32;1.0
31128;114;1.0
31128;129;1.0
31128;17;1.0
31128;58;1.0
31128;27;1.0
31128;124;1.0
31128;107;1.0
31165;116;2.0
31165;130;2.0
31165;19;3.0
31165;97;1.0
31214;37;1.0
31214;16;4.0
31214;120;2.0
31214;57;1.0
31219;24;1.0
31227;15;2.0
31227;56;1.0
31227;132;1.0
31227;73;3.0
31227;57;3.0
31227;85;2.0
31229;65;1.0
31229;60;1.0
31257;15;2.0
31257;44;10.0
31261;95;1.0
31261;15;1.0
31261;52;2.0
31261;37;1.0
31261;129;2.0
31261;91;1.0
31261;110;1.0
31274;115;1.0
31283;118;1.0
31283;53;1.0
31283;82;1.0
31283;42;2.0
31283;44;3.0
31283;7;1.0
31283;38;1.0
31283;130;1.0
31283;131;2.0
31283;120;1.0
31283;69;1.0
31287;26;3.0
31288;15;2.0
31288;45;1.0
31288;60;1.0
31288;99;2.0
31288;126;1.0
31288;67;1.0
31299;100;4.0
31299;9;1.0
31299;94;1.0
31305;15;2.0
31305;83;3.0
31305;114;2.0
31305;131;1.0
31305;8;1.0
31305;24;2.0
31305;43;1.0
31305;89;2.0
31339;29;1.0
31339;37;1.0
31342;73;1.0
31342;43;1.0
31351;70;12.0
31360;3;1.0
31360;118;2.0
31360;119;1.0
31360;116;1.0
31360;42;2.0
31360;130;2.0
31360;127;1.0
31360;60;1.0
31360;77;2.0
31379;15;2.0
31379;83;1.0
31379;29;2.0
31379;53;2.0
31379;81;1.0
31379;100;2.0
31379;79;1.0
31435;7;1.0
31440;15;1.0
31440;3;1.0
31440;30;1.0
31440;12;1.0
31440;24;1.0
31458;7;1.0
31458;19;1.0
31458;60;1.0
31458;57;1.0
31467;48;1.0
31467;3;1.0
31467;12;1.0
31467;7;1.0
31467;60;1.0
31467;57;1.0
31467;125;1.0
31478;1;2.0
31486;20;1.0
31486;102;1.0
31486;47;2.0
31486;74;1.0
31498;58;1.0
31498;85;1.0
31501;7;2.0
31501;100;3.0
31501;127;1.0
31501;20;1.0
31501;109;2.0
31501;21;1.0
31501;94;1.0
31521;46;1.0
31532;48;5.0
31532;48;1.0
31532;29;2.0
31532;42;2.0
31532;12;2.0
31532;69;2.0
31539;14;1.0
31539;57;1.0
31539;85;1.0
31539;67;1.0
31564;50;1.0
31564;10;1.0
31564;69;3.0
31565;15;2.0
31565;29;1.0
31565;3;1.0
31565;96;1.0
31565;47;1.0
31579;15;2.0
31579;29;2.0
31579;40;1.0
31579;42;1.0
31579;45;1.0
31579;49;1.0
31588;119;2.0
31588;30;1.0
31588;7;1.0
31588;122;2.0
31588;120;1.0
31599;2;2.0
31599;5;2.0
31599;114;1.0
31599;7;1.0
31604;53;10.0
31604;111;2.0
31625;15;1.0
31625;128;1.0
31641;15;1.0
31641;29;1.0
31641;118;1.0
31641;42;2.0
31641;99;1.0
31644;29;2.0
31644;30;2.0
31644;130;1.0
31644;59;1.0
31644;132;1.0
31644;122;1.0
31644;125;2.0
31644;69;1.0
31682;22;2.0
31682;29;1.0
31682;37;1.0
31682;132;1.0
31682;73;1.0
31682;86;1.0
31689;59;1.0
31689;34;1.0
31689;16;2.0
31695;21;2.0
31695;126;1.0
31705;94;1.0
31705;97;1.0
31705;78;1.0
31705;55;1.0
31716;15;1.0
31716;22;1.0
31716;29;1.0
31716;118;1.0
31716;114;1.0
31716;130;1.0
31716;123;2.0
31716;122;2.0
31716;111;1.0
31716;60;1.0
31716;58;1.0
31716;126;1.0
31716;85;1.0
31721;30;1.0
31721;98;1.0
31721;114;1.0
31721;122;3.0
31721;111;2.0
31721;14;1.0
31721;57;1.0
31729;107;1.0
31731;15;2.0
31731;131;1.0
31731;132;1.0
31749;109;2.0
31752;29;1.0
31757;48;1.0
31757;15;1.0
31757;7;1.0
31757;35;1.0
31757;9;1.0
31757;76;1.0
31765;118;1.0
31765;116;3.0
31765;30;1.0
31765;6;2.0
31765;100;3.0
31765;101;1.0
31765;103;1.0
31766;75;1.0
31766;94;1.0
31766;107;1.0
31779;30;1.0
31779;82;1.0
31779;123;2.0
31779;17;1.0
31779;89;1.0
31779;126;1.0
31781;29;3.0
31781;37;2.0
31787;42;1.0
31787;124;1.0
31790;129;2.0
31790;126;1.0
31793;53;2.0
31793;26;4.0
31793;65;1.0
31793;57;2.0
31796;132;1.0
31796;14;1.0
31796;43;1.0
31796;115;1.0
31796;89;1.0
31800;82;1.0
31800;81;6.0
31800;57;1.0
31812;44;6.0
31812;60;1.0
31831;30;1.0
31831;129;3.0
31831;57;1.0
31849;85;1.0
31853;3;1.0
31853;82;1.0
31853;105;1.0
31853;122;1.0
31855;51;1.0
31855;29;1.0
31855;53;1.0
31855;30;1.0
31855;5;2.0
31855;42;1.0
31855;88;1.0
31855;14;1.0
31869;1;2.0
31894;7;1.0
31894;18;1.0
31894;14;1.0
31894;28;1.0
31897;1;1.0
31897;62;1.0
31897;106;3.0
31900;8;1.0
31927;32;1.0
31927;79;1.0
31941;15;2.0
31941;119;2.0
31941;32;1.0
31941;52;2.0
31945;118;1.0
31945;4;1.0
31973;15;1.0
31973;80;1.0
31973;128;2.0
32001;11;1.0
32001;30;1.0
32001;26;1.0
32001;16;3.0
32001;80;1.0
32001;43;1.0
32003;15;2.0
32003;119;1.0
32003;31;1.0
32003;42;3.0
32003;80;1.0
32003;121;1.0
32003;24;1.0
32003;120;1.0
32005;115;1.0
32014;15;1.0
32014;22;1.0
32014;130;1.0
32014;16;4.0
32014;75;2.0
32014;86;2.0
32014;47;1.0
32016;44;5.0
32016;33;1.0
32016;62;1.0
32030;1;1.0
32030;2;3.0
32040;14;1.0
32040;27;2.0
32066;29;1.0
32066;100;2.0
32066;130;2.0
32066;131;1.0
32066;132;1.0
32066;57;1.0
32066;107;1.0
32066;55;1.0
32069;22;2.0
32069;112;1.0
32069;28;1.0
32071;15;1.0
32071;29;1.0
32071;25;1.0
32071;12;1.0
32071;7;1.0
32071;49;1.0
32071;108;1.0
32071;85;1.0
32090;2;1.0
32090;15;1.0
32090;82;1.0
32090;114;2.0
32090;50;1.0
32102;77;4.0
32103;27;1.0
32108;48;1.0
32108;15;6.0
32108;130;3.0
32108;104;1.0
32108;128;2.0
32109;25;1.0
32138;30;1.0
32138;33;1.0
32138;60;1.0
32138;80;1.0
32138;86;1.0
32158;27;2.0
32163;2;1.0
32167;15;1.0
32221;84;1.0
32221;55;2.0
32221;68;2.0
32224;14;1.0
32224;125;2.0
32224;47;1.0
32245;15;2.0
32245;29;1.0
32245;116;1.0
32245;4;1.0
32245;42;1.0
32245;32;1.0
32245;114;1.0
32245;81;1.0
32245;7;1.0
32245;130;1.0
32245;59;1.0
32245;123;1.0
32245;35;1.0
32245;57;1.0
32246;43;1.0
32251;29;1.0
32251;57;1.0
32251;125;1.0
32253;51;1.0
32253;116;2.0
32253;98;1.0
32253;88;1.0
32273;14;1.0
32273;76;1.0
32279;89;1.0
32288;2;1.0
32291;29;1.0
32291;3;1.0
32291;82;1.0
32291;37;2.0
32291;21;1.0
32291;9;1.0
32291;90;2.0
32291;125;1.0
32293;87;1.0
32293;55;2.0
32304;2;2.0
32310;116;1.0
32310;77;1.0
32313;37;1.0
32315;3;1.0
32315;54;1.0
32315;26;1.0
32315;76;1.0
32323;3;1.0
32323;54;1.0
32323;26;1.0
32323;76;1.0
32335;7;1.0
32335;93;2.0
32347;116;2.0
32347;19;2.0
32347;122;2.0
32347;46;1.0
32347;28;1.0
32358;95;1.0
32358;12;1.0
32358;7;1.0
32358;100;3.0
32358;130;1.0
32358;132;1.0
32358;9;1.0
32358;92;1.0
32358;68;1.0
32370;53;2.0
32374;2;1.0
32374;123;2.0
32374;104;1.0
32395;116;2.0
32395;98;2.0
32395;114;1.0
32395;123;2.0
32395;107;1.0
32486;64;2.0
32486;85;2.0
32486;68;2.0
32497;15;1.0
32497;3;1.0
32497;7;1.0
32497;8;1.0
32497;49;1.0
32497;17;1.0
32497;89;1.0
32497;57;2.0
32497;96;1.0
32497;125;1.0
32497;27;1.0
32497;55;1.0
32507;93;1.0
32507;55;1.0
32527;15;2.0
32527;3;1.0
32527;25;1.0
32527;99;1.0
32533;15;1.0
32533;3;1.0
32533;68;2.0
32545;92;1.0
32549;83;1.0
32549;61;1.0
32553;15;2.0
32553;29;2.0
32553;119;1.0
32553;42;2.0
32553;7;1.0
32553;96;2.0
32553;110;1.0
32561;29;1.0
32561;56;1.0
32561;14;1.0
32561;90;1.0
32561;55;1.0
32563;15;1.0
32563;29;2.0
32563;53;1.0
32563;60;1.0
32563;87;1.0
32569;2;6.0
32569;61;1.0
32569;3;1.0
32569;118;1.0
32569;40;1.0
32569;42;1.0
32569;12;1.0
32569;37;1.0
32569;7;1.0
32569;20;1.0
32569;77;4.0
32569;125;1.0
32569;27;1.0
32574;29;1.0
32574;3;1.0
32574;114;1.0
32574;60;1.0
32574;87;1.0
32574;57;1.0
32574;10;2.0
32579;83;2.0
32579;61;2.0
32579;3;3.0
32579;105;2.0
32581;15;1.0
32581;3;1.0
32581;7;1.0
32581;130;1.0
32581;17;1.0
32581;90;1.0
32581;87;1.0
32581;57;1.0
32581;27;1.0
32587;79;2.0
32587;17;1.0
32598;51;2.0
32598;2;2.0
32598;118;2.0
32598;4;1.0
32598;98;2.0
32598;123;4.0
32598;112;2.0
32598;14;2.0
32598;17;1.0
32598;64;4.0
32598;28;1.0
32598;110;1.0
32616;128;3.0
32620;2;2.0
32620;29;2.0
32620;3;1.0
32620;5;3.0
32620;114;1.0
32620;105;1.0
32620;7;2.0
32620;20;1.0
32620;79;2.0
32620;14;1.0
32620;90;4.0
32620;57;2.0
32620;58;1.0
32620;55;1.0
32620;69;2.0
32623;29;1.0
32623;30;1.0
32623;18;1.0
32623;57;1.0
32626;78;1.0
32643;14;1.0
32643;115;1.0
32669;116;1.0
32669;123;2.0
32669;111;1.0
32692;108;1.0
32692;57;2.0
32692;55;1.0
32693;15;1.0
32693;3;1.0
32693;114;2.0
32693;33;1.0
32693;112;1.0
32693;108;1.0
32693;113;1.0
32693;89;1.0
32693;27;1.0
32714;83;1.0
32714;61;1.0
32714;3;1.0
32714;116;1.0
32714;98;1.0
32714;82;1.0
32714;32;1.0
32714;12;2.0
32714;123;2.0
32714;19;1.0
32714;14;1.0
32714;115;1.0
32714;69;2.0
32725;118;1.0
32725;116;1.0
32725;98;1.0
32725;7;1.0
32725;75;1.0
32725;27;2.0
32725;74;1.0
32729;1;1.0
32729;92;1.0
32747;29;2.0
32747;116;1.0
32747;30;1.0
32747;98;1.0
32747;65;1.0
32754;36;1.0
32754;15;2.0
32754;83;2.0
32754;30;1.0
32754;130;2.0
32754;131;2.0
32754;113;1.0
32754;57;1.0
32754;91;2.0
32754;67;1.0
32765;118;1.0
32765;116;2.0
32765;130;1.0
32765;123;2.0
32765;60;1.0
32765;108;1.0
32765;63;1.0
32765;85;1.0
32765;67;2.0
32766;15;1.0
32766;29;1.0
32766;40;1.0
32766;114;1.0
32766;7;1.0
32766;123;2.0
32766;79;1.0
32766;60;1.0
32766;115;1.0
32766;76;1.0
32766;27;2.0
32766;124;1.0
32777;51;2.0
32777;29;1.0
32777;42;2.0
32777;122;1.0
32777;46;6.0
32782;29;2.0
32782;114;2.0
32783;15;1.0
32783;75;1.0
32799;48;1.0
32799;17;1.0
32809;51;1.0
32809;83;2.0
32809;3;1.0
32809;53;1.0
32809;4;1.0
32809;25;2.0
32809;75;2.0
32809;27;2.0
32815;7;1.0
32823;92;1.0
32823;115;1.0
32834;15;1.0
32834;26;1.0
32834;97;1.0
32838;37;1.0
32847;95;2.0
32847;118;1.0
32847;31;1.0
32847;42;2.0
32847;7;2.0
32847;103;1.0
32847;115;2.0
32856;48;5.0
32856;48;1.0
32856;20;1.0
32856;18;1.0
32865;95;1.0
32865;42;2.0
32872;118;2.0
32872;4;1.0
32872;11;2.0
32872;31;2.0
32872;114;2.0
32872;81;1.0
32872;123;3.0
32872;14;1.0
32872;21;2.0
32872;86;1.0
32879;66;1.0
32881;2;1.0
32881;52;1.0
32881;79;1.0
32881;27;2.0
32882;15;1.0
32882;58;1.0
32882;125;1.0
32882;67;1.0
32887;29;1.0
32887;3;1.0
32887;60;1.0
32887;77;1.0
32894;29;2.0
32894;14;1.0
32901;5;3.0
32901;7;1.0
32901;20;1.0
32913;91;7.0
32918;1;1.0
32918;77;1.0
32927;15;2.0
32935;7;1.0
32935;14;1.0
32935;9;1.0
32949;15;2.0
32949;29;1.0
32949;3;1.0
32949;42;2.0
32949;56;1.0
32949;37;1.0
32949;34;1.0
32949;80;1.0
32949;63;1.0
32949;47;1.0
32949;27;2.0
32949;85;1.0
32955;15;1.0
32955;29;1.0
32955;25;1.0
32955;37;1.0
32955;123;1.0
32955;35;1.0
32955;46;1.0
32955;76;1.0
32976;51;2.0
32976;3;2.0
32976;119;3.0
32976;116;4.0
32976;130;3.0
32976;123;4.0
32976;108;1.0
32977;56;1.0
32977;26;1.0
32980;56;1.0
32980;19;1.0
32980;92;1.0
32986;82;1.0
32986;81;1.0
32986;33;1.0
32991;15;1.0
32991;77;1.0
33009;93;1.0
33009;92;1.0
33009;27;2.0
33012;1;3.0
33025;37;1.0
33025;92;2.0
33025;125;1.0
33025;107;1.0
33035;27;2.0
33046;60;1.0
33049;3;2.0
33049;53;1.0
33049;105;1.0
33049;84;1.0
33049;18;1.0
33049;112;1.0
33049;9;1.0
33049;85;1.0
33049;74;1.0
33053;29;1.0
33053;3;1.0
33053;32;2.0
33053;37;1.0
33053;34;1.0
33053;80;1.0
33053;78;1.0
33053;125;1.0
33059;2;1.0
33059;66;1.0
33064;25;1.0
33064;37;2.0
33064;131;1.0
33064;132;1.0
33064;122;1.0
33064;121;2.0
33064;89;1.0
33064;107;2.0
33064;69;1.0
33074;95;2.0
33074;116;2.0
33074;53;1.0
33074;98;1.0
33074;42;2.0
33074;129;2.0
33074;55;1.0
33079;42;1.0
33079;121;1.0
33086;95;1.0
33086;15;1.0
33086;29;1.0
33086;25;2.0
33086;37;1.0
33086;89;1.0
33086;57;1.0
33088;5;2.0
33088;19;1.0
33088;92;1.0
33093;116;3.0
33093;98;2.0
33093;26;1.0
33093;99;2.0
33093;28;1.0
33100;15;1.0
33100;90;1.0
33135;48;2.0
33135;56;1.0
33156;95;9.0
33156;29;2.0
33156;129;2.0
33158;15;2.0
33158;127;1.0
33158;19;1.0
33158;79;1.0
33158;92;2.0
33158;64;2.0
33158;28;1.0
33158;55;1.0
33169;51;1.0
33169;118;1.0
33169;119;2.0
33169;44;6.0
33169;25;1.0
33169;72;1.0
33169;18;1.0
33169;129;2.0
33169;121;1.0
33169;112;1.0
33169;89;1.0
33169;27;2.0
33191;80;1.0
33191;77;1.0
33222;74;1.0
33276;15;2.0
33276;105;1.0
33276;80;1.0
33276;21;1.0
33286;51;2.0
33286;29;2.0
33286;98;1.0
33286;25;3.0
33286;26;1.0
33286;129;5.0
33287;127;1.0
33287;79;1.0
33287;99;1.0
33287;115;1.0
33310;92;1.0
33333;2;5.0
33333;29;1.0
33333;53;1.0
33333;30;1.0
33333;105;1.0
33333;70;6.0
33337;127;1.0
33337;87;1.0
33337;27;1.0
33337;55;2.0
33342;27;2.0
33342;64;2.0
33344;15;2.0
33344;122;1.0
33344;121;1.0
33344;90;1.0
33344;57;1.0
33344;107;1.0
33344;10;1.0
33352;77;2.0
33357;116;3.0
33357;25;3.0
33357;38;1.0
33357;54;1.0
33357;129;4.0
33357;112;1.0
33357;92;4.0
33357;77;1.0
33357;57;1.0
33357;27;2.0
33366;15;3.0
33366;29;2.0
33366;100;2.0
33366;26;1.0
33366;112;1.0
33366;108;1.0
33366;106;1.0
33366;57;1.0
33366;28;1.0
33366;69;1.0
33376;15;1.0
33376;29;1.0
33376;53;1.0
33376;30;1.0
33376;88;1.0
33376;20;1.0
33376;26;1.0
33376;106;1.0
33376;110;1.0
33410;15;1.0
33410;29;1.0
33410;53;1.0
33410;7;1.0
33410;19;1.0
33410;129;1.0
33410;91;2.0
33410;68;1.0
33413;15;2.0
33413;106;1.0
33426;82;1.0
33429;88;1.0
33429;7;1.0
33429;100;2.0
33429;77;1.0
33429;64;1.0
33429;55;1.0
33463;20;1.0
33492;1;1.0
33492;29;1.0
33492;53;2.0
33492;81;1.0
33492;54;2.0
33492;26;2.0
33492;19;2.0
33492;129;4.0
33492;99;1.0
33492;27;1.0
33502;88;1.0
33502;81;2.0
33502;7;2.0
33502;38;1.0
33502;130;2.0
33502;27;1.0
33504;20;1.0
33504;92;2.0
33508;2;1.0
33508;15;1.0
33524;1;1.0
33524;100;4.0
33526;71;1.0
33526;14;1.0
33541;4;1.0
33541;125;1.0
33541;28;1.0
33582;7;1.0
33582;92;1.0
33582;115;1.0
33585;15;1.0
33585;38;1.0
33585;128;1.0
33585;68;2.0
33610;29;1.0
33610;53;2.0
33610;31;2.0
33610;72;1.0
33610;81;1.0
33610;7;1.0
33610;26;1.0
33610;129;2.0
33610;17;1.0
33610;55;1.0
33634;15;2.0
33634;44;10.0
33634;26;1.0
33652;3;1.0
33652;82;1.0
33652;115;1.0
33652;87;1.0
33686;15;2.0
33686;88;1.0
33686;131;2.0
33686;17;1.0
33686;125;1.0
33686;91;1.0
33695;2;28.0
33701;48;4.0
33701;83;1.0
33712;15;2.0
33712;116;2.0
33712;98;2.0
33712;45;1.0
33714;29;2.0
33714;37;1.0
33738;15;1.0
33738;29;2.0
33738;116;2.0
33738;123;3.0
33738;19;1.0
33738;122;2.0
33738;73;1.0
33738;94;1.0
33738;126;1.0
33738;124;1.0
33738;110;2.0
33740;7;1.0
33740;127;1.0
33740;92;1.0
33742;7;1.0
33742;100;6.0
33742;26;2.0
33742;125;1.0
33775;104;1.0
33777;7;1.0
33777;59;1.0
33777;63;1.0
33777;55;2.0
33779;2;5.0
33779;15;2.0
33779;29;2.0
33779;37;1.0
33779;7;1.0
33779;123;3.0
33779;131;2.0
33779;19;2.0
33779;132;1.0
33782;15;2.0
33782;29;1.0
33782;53;1.0
33782;30;1.0
33782;44;7.0
33782;56;1.0
33782;7;3.0
33782;57;1.0
33782;55;1.0
33790;118;2.0
33790;98;2.0
33790;49;1.0
33790;129;2.0
33790;115;1.0
33792;119;2.0
33792;130;2.0
33792;77;1.0
33792;69;1.0
33796;2;12.0
33796;119;2.0
33796;7;2.0
33796;130;1.0
33796;91;2.0
33798;15;2.0
33801;1;1.0
33801;48;2.0
33801;88;1.0
33801;81;1.0
33801;7;2.0
33801;59;1.0
33801;93;1.0
33801;77;1.0
33801;27;1.0
33801;64;1.0
33803;72;1.0
33804;19;1.0
33804;77;2.0
33811;29;1.0
33811;71;2.0
33811;73;1.0
33816;49;1.0
33816;75;2.0
33816;124;1.0
33818;15;1.0
33818;125;1.0
33818;55;1.0
33823;2;4.0
33823;15;1.0
33824;15;2.0
33824;83;2.0
33824;3;2.0
33837;36;1.0
33837;48;1.0
33837;118;1.0
33837;119;1.0
33837;116;1.0
33837;98;1.0
33837;52;2.0
33837;123;2.0
33837;14;1.0
33838;15;1.0
33838;44;3.0
33838;89;1.0
33859;15;1.0
33859;29;1.0
33859;3;1.0
33859;37;2.0
33859;72;1.0
33859;123;2.0
33859;46;1.0
33859;90;1.0
33859;97;1.0
33863;15;1.0
33863;11;1.0
33863;67;1.0
33891;29;1.0
33891;71;1.0
33891;130;1.0
33891;99;2.0
33904;2;2.0
33904;121;1.0
33905;15;3.0
33905;83;2.0
33905;61;2.0
33905;3;1.0
33905;72;2.0
33905;7;1.0
33905;130;2.0
33905;106;1.0
33905;115;2.0
33905;28;3.0
33908;15;2.0
33908;122;2.0
33908;14;1.0
33908;92;1.0
33908;50;1.0
33914;87;1.0
33929;14;1.0
33929;77;1.0
33929;124;1.0
33929;28;1.0
33938;2;6.0
33938;15;1.0
33938;26;1.0
33938;8;1.0
33938;57;2.0
33940;77;4.0
33947;15;1.0
33947;29;2.0
33947;71;2.0
33947;32;1.0
33947;127;2.0
33947;26;1.0
33947;103;1.0
33947;129;2.0
33947;63;1.0
33947;50;1.0
33947;117;1.0
33951;25;2.0
33951;102;1.0
33964;2;2.0
33964;63;1.0
33964;92;1.0
33964;55;1.0
33983;15;1.0
33983;63;1.0
33983;92;2.0
33983;85;1.0
33983;55;1.0
33983;69;1.0
33989;3;1.0
33989;88;1.0
33989;131;1.0
33989;80;1.0
33989;85;2.0
33993;19;3.0
33993;103;4.0
33993;14;1.0
33993;46;3.0
33993;107;1.0
33997;15;2.0
33997;29;1.0
33997;30;1.0
33997;25;1.0
33997;37;2.0
33997;72;1.0
33997;88;1.0
33997;105;1.0
33997;81;1.0
33997;34;1.0
33997;131;1.0
33997;132;1.0
33997;49;1.0
33997;60;1.0
33997;14;1.0
33997;57;1.0
33997;85;1.0
34004;57;4.0
34004;27;3.0
34009;15;1.0
34009;83;1.0
34009;130;1.0
34009;103;1.0
34009;129;2.0
34009;17;1.0
34009;99;1.0
34009;126;1.0
34011;15;1.0
34011;29;1.0
34011;116;1.0
34011;53;1.0
34011;42;1.0
34011;45;1.0
34011;17;1.0
34011;93;1.0
34011;24;1.0
34051;38;1.0
34051;73;2.0
34051;108;1.0
34052;19;2.0
34052;57;1.0
34052;55;2.0
34059;15;1.0
34059;32;1.0
34059;14;1.0
34059;86;1.0
34059;47;2.0
34073;95;1.0
34073;15;1.0
34073;7;1.0
34073;130;1.0
34073;97;1.0
34073;57;1.0
34080;2;2.0
34080;3;1.0
34080;53;1.0
34080;30;1.0
34080;31;2.0
34080;79;1.0
34080;17;1.0
34080;90;2.0
34080;115;1.0
34080;57;1.0
34107;2;24.0
34118;15;2.0
34118;69;1.0
34122;15;3.0
34137;104;1.0
34138;2;1.0
34138;15;1.0
34138;118;1.0
34138;119;1.0
34138;30;1.0
34138;98;3.0
34138;127;1.0
34138;122;2.0
34138;57;1.0
34138;107;1.0
34138;55;1.0
34148;15;3.0
34148;29;3.0
34148;25;3.0
34148;12;3.0
34148;100;4.0
34148;129;4.0
34148;27;2.0
34158;15;2.0
34158;83;2.0
34158;116;2.0
34158;7;1.0
34158;92;1.0
34158;78;1.0
34158;126;1.0
34158;55;1.0
34161;83;2.0
34161;12;2.0
34161;50;1.0
34164;30;1.0
34164;37;1.0
34164;88;1.0
34164;126;1.0
34169;36;1.0
34169;15;1.0
34169;45;1.0
34169;80;2.0
34169;117;2.0
34172;7;2.0
34172;27;1.0
34172;28;1.0
34198;15;1.0
34198;83;1.0
34198;29;1.0
34198;30;1.0
34198;123;1.0
34198;124;1.0
34202;116;2.0
34202;44;9.0
34203;14;1.0
34203;115;1.0
34207;29;2.0
34207;30;1.0
34207;21;1.0
34207;93;2.0
34210;48;1.0
34210;15;1.0
34210;92;1.0
34210;57;1.0
34214;92;2.0
34214;117;2.0
34214;28;2.0
34223;15;1.0
34223;22;1.0
34223;7;1.0
34274;127;1.0
34274;54;1.0
34274;132;1.0
34274;93;1.0
34274;57;1.0
34274;64;1.0
34280;29;1.0
34280;30;1.0
34280;123;1.0
34280;131;1.0
34280;45;3.0
34280;89;1.0
34280;117;3.0
34314;15;1.0
34314;33;1.0
34314;122;2.0
34314;14;1.0
34339;98;2.0
34339;7;2.0
34339;19;1.0
34339;129;3.0
34339;55;2.0
34363;119;2.0
34363;4;1.0
34363;30;1.0
34363;82;1.0
34363;42;2.0
34363;38;1.0
34363;100;2.0
34363;130;1.0
34363;14;1.0
34363;86;1.0
34367;29;2.0
34367;116;2.0
34367;7;1.0
34367;100;3.0
34367;130;2.0
34367;46;1.0
34367;97;1.0
34367;27;1.0
34375;2;1.0
34375;29;1.0
34375;53;1.0
34375;5;2.0
34375;42;1.0
34375;33;1.0
34375;100;1.0
34375;130;1.0
34375;34;1.0
34375;60;1.0
34375;67;1.0
34380;2;2.0
34380;104;2.0
34395;51;1.0
34395;4;1.0
34395;88;1.0
34395;81;1.0
34395;55;1.0
34401;48;1.0
34401;19;1.0
34401;92;1.0
34416;31;1.0
34416;128;1.0
34431;15;3.0
34431;82;1.0
34431;131;2.0
34431;17;1.0
34431;75;2.0
34431;92;4.0
34435;49;1.0
34435;92;1.0
34435;91;2.0
34449;95;2.0
34449;15;2.0
34449;29;2.0
34449;32;1.0
34449;37;1.0
34449;33;2.0
34449;59;1.0
34449;121;1.0
34475;108;1.0
34478;15;1.0
34478;56;1.0
34478;19;1.0
34478;93;2.0
34478;43;2.0
34478;55;2.0
34478;110;2.0
34486;14;1.0
34497;15;1.0
34497;53;1.0
34497;42;1.0
34497;25;1.0
34497;66;2.0
34497;127;1.0
34497;85;1.0
34529;119;1.0
34529;116;2.0
34529;77;1.0
34538;95;1.0
34538;15;2.0
34538;83;3.0
34538;29;1.0
34538;3;1.0
34538;116;1.0
34538;53;1.0
34538;30;1.0
34538;31;1.0
34538;42;1.0
34538;25;2.0
34538;32;1.0
34538;88;1.0
34538;123;4.0
34538;75;1.0
34538;63;1.0
34538;57;1.0
34538;27;1.0
34538;55;1.0
34553;15;2.0
34553;29;1.0
34553;7;1.0
34553;8;1.0
34553;122;2.0
34553;104;1.0
34553;64;1.0
34565;79;2.0
34568;29;1.0
34568;53;1.0
34568;7;1.0
34568;68;1.0
34578;103;1.0
34578;122;2.0
34578;60;1.0
34596;52;2.0
34596;14;1.0
34607;15;2.0
34607;114;1.0
34607;7;1.0
34607;55;1.0
34608;29;1.0
34608;114;2.0
34608;7;1.0
34622;15;2.0
34622;42;1.0
34622;32;1.0
34622;7;2.0
34622;19;1.0
34622;60;1.0
34622;92;1.0
34622;57;1.0
34622;55;1.0
34636;83;1.0
34636;29;1.0
34636;3;1.0
34636;30;1.0
34636;131;1.0
34636;108;1.0
34636;24;1.0
34636;57;1.0
34636;85;1.0
34653;15;1.0
34653;3;1.0
34653;5;2.0
34653;55;1.0
34657;70;1.0
34667;29;1.0
34667;3;1.0
34667;116;1.0
34667;7;1.0
34667;130;1.0
34684;29;2.0
34686;129;2.0
34697;62;1.0
34726;51;1.0
34726;29;1.0
34726;30;1.0
34726;37;1.0
34726;38;1.0
34726;14;1.0
34737;51;2.0
34737;15;2.0
34737;29;3.0
34737;6;4.0
34737;132;1.0
34737;14;1.0
34737;21;1.0
34737;17;1.0
34737;89;1.0
34737;57;2.0
34740;21;1.0
34743;95;2.0
34743;29;2.0
34743;42;3.0
34743;114;2.0
34743;38;1.0
34743;130;2.0
34743;59;1.0
34743;132;2.0
34743;79;1.0
34743;129;5.0
34754;29;1.0
34754;116;1.0
34754;11;1.0
34754;25;2.0
34754;32;1.0
34754;52;1.0
34754;114;2.0
34754;132;1.0
34754;112;1.0
34768;29;2.0
34768;3;1.0
34768;42;3.0
34768;25;2.0
34768;114;2.0
34768;7;1.0
34768;130;2.0
34768;19;1.0
34768;99;2.0
34789;15;2.0
34804;15;1.0
34804;29;2.0
34804;30;1.0
34804;114;1.0
34804;123;2.0
34804;14;1.0
34804;43;1.0
34804;87;1.0
34819;15;1.0
34819;122;2.0
34819;57;1.0
34880;15;3.0
34880;21;2.0
34887;101;1.0
34889;27;2.0
34903;36;1.0
34903;30;1.0
34903;129;3.0
34903;46;1.0
34903;27;1.0
34915;16;3.0
34915;14;1.0
34915;46;1.0
34915;55;1.0
34950;42;1.0
34950;6;3.0
34950;37;1.0
34950;108;1.0
34950;107;1.0
34989;17;1.0
35010;36;1.0
35010;15;1.0
35010;3;1.0
35010;7;1.0
35010;26;1.0
35010;62;1.0
35010;17;1.0
35010;27;2.0
35010;68;2.0
35016;36;1.0
35016;15;1.0
35016;3;1.0
35016;7;1.0
35016;26;1.0
35016;62;1.0
35016;17;1.0
35016;27;2.0
35016;68;2.0
35019;11;1.0
35019;55;1.0
35034;118;1.0
35043;29;1.0
35043;11;1.0
35043;30;1.0
35043;5;6.0
35043;114;1.0
35043;7;1.0
35043;79;1.0
35053;15;1.0
35053;20;2.0
35053;26;1.0
35053;79;2.0
35053;89;1.0
35054;29;2.0
35054;102;1.0
35054;50;1.0
35054;57;2.0
35054;68;2.0
35060;118;2.0
35060;7;1.0
35060;130;1.0
35060;49;1.0
35060;120;1.0
35060;27;1.0
35060;68;1.0
35063;36;2.0
35063;7;1.0
35063;54;7.0
35063;54;1.0
35063;19;1.0
35063;103;1.0
35082;29;1.0
35083;2;3.0
35083;38;1.0
35083;60;1.0
35083;87;1.0
35083;57;1.0
35108;104;4.0
35123;38;1.0
35123;130;1.0
35130;2;12.0
35130;15;1.0
35130;29;1.0
35130;61;1.0
35130;30;1.0
35130;25;1.0
35130;114;1.0
35130;63;1.0
35130;50;1.0
35130;97;1.0
35130;96;1.0
35130;27;2.0
35156;114;1.0
35156;45;1.0
35156;129;2.0
35156;86;1.0
35159;3;1.0
35176;2;2.0
35176;126;1.0
35190;15;1.0
35190;29;1.0
35190;40;2.0
35190;33;1.0
35190;100;2.0
35190;59;1.0
35190;112;1.0
35190;14;2.0
35190;57;1.0
35190;55;1.0
35199;14;1.0
35226;116;1.0
35226;25;1.0
35226;57;1.0
35226;69;3.0
35228;119;1.0
35228;27;1.0
35263;7;1.0
35263;26;1.0
35263;107;1.0
35266;15;1.0
35266;25;1.0
35266;33;1.0
35266;27;2.0
35276;2;7.0
35276;7;1.0
35276;19;1.0
35276;126;1.0
35276;55;1.0
35276;110;1.0
35283;89;1.0
35312;118;1.0
35312;119;1.0
35312;31;1.0
35312;81;1.0
35312;64;2.0
35321;15;1.0
35321;116;1.0
35321;25;1.0
35321;45;1.0
35321;132;1.0
35321;64;2.0
35330;2;8.0
35336;2;1.0
35342;15;1.0
35342;40;1.0
35342;25;1.0
35342;102;1.0
35342;14;1.0
35342;93;2.0
35343;3;1.0
35343;128;1.0
35343;9;1.0
35355;15;2.0
35355;20;1.0
35355;26;1.0
35355;16;2.0
35355;17;1.0
35355;113;1.0
35385;33;2.0
35385;64;1.0
35390;56;1.0
35390;114;2.0
35390;72;1.0
35390;81;1.0
35390;38;1.0
35390;132;1.0
35390;57;1.0
35390;91;2.0
35390;67;1.0
35411;19;1.0
35444;3;1.0
35444;72;1.0
35444;105;1.0
35444;128;2.0
35444;87;2.0
35453;95;1.0
35453;15;2.0
35453;29;1.0
35453;11;1.0
35453;82;1.0
35453;72;1.0
35453;81;1.0
35453;60;1.0
35453;108;1.0
35453;27;2.0
35453;55;1.0
35459;92;1.0
35459;89;1.0
35459;110;1.0
35462;15;1.0
35468;66;1.0
35484;38;1.0
35484;26;1.0
35484;111;2.0
35484;112;1.0
35484;126;1.0
35486;3;1.0
35486;31;1.0
35486;98;1.0
35486;82;1.0
35486;71;2.0
35486;81;1.0
35486;38;1.0
35486;100;2.0
35486;131;1.0
35486;132;1.0
35486;120;1.0
35486;107;1.0
35498;15;2.0
35498;89;1.0
35498;117;1.0
35498;69;2.0
35498;67;1.0
35499;3;1.0
35499;89;1.0
35499;57;1.0
35505;15;1.0
35505;29;1.0
35505;20;1.0
35505;19;2.0
35505;111;1.0
35505;128;1.0
35505;17;1.0
35505;99;1.0
35505;97;2.0
35542;26;1.0
35542;57;1.0
35542;68;1.0
35554;15;2.0
35554;98;1.0
35554;72;1.0
35554;131;1.0
35554;89;1.0
35561;29;1.0
35561;114;1.0
35561;131;1.0
35561;108;1.0
35561;89;1.0
35561;57;1.0
35561;117;1.0
35566;129;5.0
35566;104;1.0
35566;17;1.0
35566;50;1.0
35594;15;1.0
35594;116;2.0
35594;98;2.0
35594;25;2.0
35594;18;1.0
35594;45;1.0
35594;129;3.0
35594;87;1.0
35594;47;1.0
35594;27;2.0
35594;64;1.0
35596;36;1.0
35596;113;1.0
35596;107;1.0
35621;71;4.0
35639;60;1.0
35653;95;2.0
35653;29;1.0
35653;4;1.0
35653;52;2.0
35653;19;1.0
35668;15;2.0
35668;29;2.0
35668;3;1.0
35668;59;1.0
35668;16;2.0
35668;80;1.0
35668;14;1.0
35668;17;1.0
35668;24;2.0
35668;43;1.0
35668;120;1.0
35670;2;4.0
35670;31;1.0
35734;15;2.0
35734;3;1.0
35734;11;1.0
35734;30;1.0
35734;44;7.0
35734;52;3.0
35734;101;1.0
35734;65;1.0
35734;45;1.0
35734;57;1.0
35734;96;1.0
35741;92;3.0
35741;87;1.0
35741;50;2.0
35741;97;1.0
35741;117;2.0
35754;70;2.0
35759;29;1.0
35759;131;1.0
35759;120;1.0
35788;3;2.0
35788;100;2.0
35788;107;1.0
35801;17;1.0
35801;87;2.0
35804;15;1.0
35804;90;2.0
35804;50;1.0
35804;57;1.0
35804;68;1.0
35830;15;1.0
35830;40;3.0
35830;104;2.0
35830;57;1.0
35833;2;3.0
35873;15;1.0
35873;116;1.0
35873;42;1.0
35873;114;1.0
35873;130;1.0
35873;90;2.0
35873;77;2.0
35873;57;1.0
35873;91;2.0
35889;71;1.0
35889;37;1.0
35889;49;1.0
35889;120;1.0
35889;125;1.0
35889;27;2.0
35901;15;1.0
35901;29;1.0
35901;33;1.0
35901;122;1.0
35901;86;1.0
35904;2;4.0
35912;127;1.0
35912;14;1.0
35973;77;1.0
35990;114;1.0
35990;127;1.0
36075;15;2.0
36075;29;1.0
36075;61;1.0
36075;3;1.0
36075;72;1.0
36075;130;1.0
36075;123;2.0
36075;26;1.0
36075;122;2.0
36075;16;1.0
36075;50;1.0
36091;29;1.0
36091;116;2.0
36091;71;1.0
36091;12;1.0
36091;37;1.0
36091;72;1.0
36091;100;2.0
36091;130;1.0
36091;26;1.0
36091;131;1.0
36120;29;1.0
36120;26;1.0
36120;45;1.0
36120;14;1.0
36120;125;1.0
36144;99;1.0
36145;20;1.0
36145;92;2.0
36162;33;2.0
36162;130;2.0
36162;26;1.0
36162;45;1.0
36162;14;1.0
36162;75;2.0
36162;106;2.0
36162;69;1.0
36162;110;1.0
36178;15;1.0
36178;114;2.0
36178;14;1.0
36178;57;1.0
36180;131;1.0
36180;132;1.0
36180;89;1.0
36186;20;7.0
36193;15;1.0
36193;29;2.0
36193;3;1.0
36193;118;1.0
36193;42;2.0
36193;32;1.0
36193;130;2.0
36193;122;1.0
36193;129;1.0
36193;97;1.0
36193;57;1.0
36193;27;2.0
36193;10;2.0
36197;29;1.0
36197;116;1.0
36197;38;1.0
36197;123;3.0
36197;57;1.0
36217;29;1.0
36217;114;1.0
36217;17;1.0
36217;57;1.0
36218;126;1.0
36218;10;1.0
36224;29;1.0
36224;119;2.0
36224;116;1.0
36224;98;1.0
36224;114;1.0
36224;123;2.0
36224;91;2.0
36228;73;2.0
36228;104;3.0
36245;94;3.0
36250;45;1.0
36284;29;2.0
36284;118;1.0
36284;119;2.0
36284;44;6.0
36284;7;2.0
36284;18;2.0
36284;97;1.0
36321;14;3.0
36335;48;3.0
36346;77;1.0
36346;78;1.0
36350;7;1.0
36350;110;1.0
36353;2;2.0
36353;116;1.0
36353;82;1.0
36353;40;1.0
36353;42;1.0
36353;32;1.0
36353;52;2.0
36353;114;1.0
36353;106;2.0
36384;20;1.0
36384;45;1.0
36385;29;1.0
36385;3;1.0
36385;11;1.0
36385;82;1.0
36385;40;1.0
36385;131;1.0
36385;73;1.0
36385;108;1.0
36385;89;2.0
36385;57;1.0
36385;58;1.0
36394;98;2.0
36394;5;1.0
36394;129;5.0
36394;46;2.0
36408;52;2.0
36408;10;3.0
36408;69;4.0
36412;15;1.0
36412;33;2.0
36412;20;1.0
36412;79;1.0
36415;15;2.0
36415;29;1.0
36415;37;1.0
36415;21;1.0
36428;29;1.0
36428;60;1.0
36428;108;1.0
36428;57;1.0
36428;69;1.0
36448;15;2.0
36448;7;1.0
36448;123;3.0
36448;87;3.0
36487;15;2.0
36487;3;1.0
36487;20;4.0
36487;16;6.0
36487;47;1.0
36487;69;2.0
36501;15;1.0
36501;3;1.0
36501;52;2.0
36501;7;1.0
36501;20;1.0
36501;57;1.0
36501;68;1.0
36545;54;2.0
36547;15;1.0
36547;99;1.0
36547;57;1.0
36547;126;1.0
36547;85;1.0
36547;10;1.0
36550;15;2.0
36550;29;1.0
36550;3;1.0
36550;116;2.0
36550;98;2.0
36550;44;8.0
36550;100;4.0
36550;26;2.0
36550;19;1.0
36550;99;2.0
36566;15;2.0
36566;29;2.0
36566;82;1.0
36566;40;1.0
36566;25;2.0
36566;33;2.0
36566;130;1.0
36566;80;1.0
36586;15;2.0
36586;29;1.0
36586;114;1.0
36597;83;1.0
36597;121;2.0
36608;129;2.0
36616;40;1.0
36616;88;1.0
36616;85;1.0
36628;15;1.0
36628;3;1.0
